2026-09-24 10:15:55,851 [INFO] pipeline.enrich_runner: [EnrichPipeline] Raw backup created at: .tmp_backup_transformed output
2026-09-24 10:15:55,853 [INFO] pipeline.enrich_runner: [EnrichPipeline] Discovered 63 .dita files, 8 .ditamap files
2026-09-24 10:15:55,861 [INFO] pipeline.enrich_runner: [EnrichPipeline] Parsed 63 DITA files
2026-09-24 10:15:55,861 [INFO] pipeline.enrich_runner: [EnrichPipeline] ══ BEFORE ENRICHMENT ══════════════════════════════
2026-09-24 10:15:55,861 [INFO] pipeline.enrich_runner: [EnrichPipeline] Total DITA files: 63
2026-09-24 10:15:55,861 [INFO] pipeline.enrich_runner: [EnrichPipeline] [BEFORE] adjusting_print_quality/adjusting_print_quality.dita type=concept    shortdesc=NO  prolog=NO 
2026-09-24 10:15:55,861 [INFO] pipeline.enrich_runner: [EnrichPipeline] [BEFORE] adjusting_print_quality/aligning_the_print_head_using_the_product_control_panel.dita type=task       shortdesc=NO  prolog=NO 
2026-09-24 10:15:55,861 [INFO] pipeline.enrich_runner: [EnrichPipeline] [BEFORE] adjusting_print_quality/checking_the_nozzles_using_a_computer_utility.dita type=task       shortdesc=NO  prolog=NO 
2026-09-24 10:15:55,861 [INFO] pipeline.enrich_runner: [EnrichPipeline] [BEFORE] adjusting_print_quality/checking_the_nozzles_using_the_product_control_panel.dita type=task       shortdesc=NO  prolog=NO 
2026-09-24 10:15:55,861 [INFO] pipeline.enrich_runner: [EnrichPipeline] [BEFORE] adjusting_print_quality/checking_the_number_of_sheets_fed.dita type=concept    shortdesc=NO  prolog=NO 
2026-09-24 10:15:55,861 [INFO] pipeline.enrich_runner: [EnrichPipeline] [BEFORE] adjusting_print_quality/checking_the_number_of_sheets_on_the_lcd_screen.dita type=task       shortdesc=NO  prolog=NO 
2026-09-24 10:15:55,862 [INFO] pipeline.enrich_runner: [EnrichPipeline] [BEFORE] adjusting_print_quality/checking_the_sheet_counter_mac.dita type=task       shortdesc=NO  prolog=NO 
2026-09-24 10:15:55,862 [INFO] pipeline.enrich_runner: [EnrichPipeline] [BEFORE] adjusting_print_quality/checking_the_sheet_counter_windows.dita type=task       shortdesc=NO  prolog=NO 
2026-09-24 10:15:55,862 [INFO] pipeline.enrich_runner: [EnrichPipeline] [BEFORE] adjusting_print_quality/cleaning_the_paper_guide.dita type=task       shortdesc=NO  prolog=NO 
2026-09-24 10:15:55,862 [INFO] pipeline.enrich_runner: [EnrichPipeline] [BEFORE] adjusting_print_quality/cleaning_the_print_head_path.dita type=task       shortdesc=NO  prolog=NO 
2026-09-24 10:15:55,862 [INFO] pipeline.enrich_runner: [EnrichPipeline] [BEFORE] adjusting_print_quality/cleaning_the_print_head_using_a_computer_utility.dita type=task       shortdesc=NO  prolog=NO 
2026-09-24 10:15:55,862 [INFO] pipeline.enrich_runner: [EnrichPipeline] [BEFORE] adjusting_print_quality/cleaning_the_print_head_using_the_product_control_panel.dita type=task       shortdesc=NO  prolog=NO 
2026-09-24 10:15:55,862 [INFO] pipeline.enrich_runner: [EnrichPipeline] [BEFORE] adjusting_print_quality/power_cleaning.dita        type=concept    shortdesc=NO  prolog=NO 
2026-09-24 10:15:55,862 [INFO] pipeline.enrich_runner: [EnrichPipeline] [BEFORE] adjusting_print_quality/power_cleaning_using_a_computer_utility.dita type=task       shortdesc=NO  prolog=NO 
2026-09-24 10:15:55,862 [INFO] pipeline.enrich_runner: [EnrichPipeline] [BEFORE] adjusting_print_quality/power_cleaning_using_the_product_control_panel.dita type=task       shortdesc=NO  prolog=NO 
2026-09-24 10:15:55,862 [INFO] pipeline.enrich_runner: [EnrichPipeline] [BEFORE] adjusting_print_quality/print_head_alignment.dita  type=concept    shortdesc=NO  prolog=NO 
2026-09-24 10:15:55,862 [INFO] pipeline.enrich_runner: [EnrichPipeline] [BEFORE] adjusting_print_quality/print_head_cleaning.dita   type=concept    shortdesc=NO  prolog=NO 
2026-09-24 10:15:55,862 [INFO] pipeline.enrich_runner: [EnrichPipeline] [BEFORE] adjusting_print_quality/print_head_maintenance.dita type=concept    shortdesc=NO  prolog=NO 
2026-09-24 10:15:55,862 [INFO] pipeline.enrich_runner: [EnrichPipeline] [BEFORE] adjusting_print_quality/print_head_nozzle_check.dita type=concept    shortdesc=NO  prolog=NO 
2026-09-24 10:15:55,862 [INFO] pipeline.enrich_runner: [EnrichPipeline] [BEFORE] cleaning_and_transporting_your_product/cleaning_and_transporting_your_product.dita type=concept    shortdesc=NO  prolog=NO 
2026-09-24 10:15:55,862 [INFO] pipeline.enrich_runner: [EnrichPipeline] [BEFORE] cleaning_and_transporting_your_product/cleaning_your_product.dita type=task       shortdesc=NO  prolog=NO 
2026-09-24 10:15:55,862 [INFO] pipeline.enrich_runner: [EnrichPipeline] [BEFORE] cleaning_and_transporting_your_product/copyright_notice.dita type=concept    shortdesc=NO  prolog=NO 
2026-09-24 10:15:55,862 [INFO] pipeline.enrich_runner: [EnrichPipeline] [BEFORE] cleaning_and_transporting_your_product/transporting_your_product.dita type=task       shortdesc=NO  prolog=NO 
2026-09-24 10:15:55,863 [INFO] pipeline.enrich_runner: [EnrichPipeline] [BEFORE] copying/copying.dita                               type=concept    shortdesc=NO  prolog=NO 
2026-09-24 10:15:55,863 [INFO] pipeline.enrich_runner: [EnrichPipeline] [BEFORE] copying/copying_documents_or_photos.dita           type=task       shortdesc=NO  prolog=NO 
2026-09-24 10:15:55,863 [INFO] pipeline.enrich_runner: [EnrichPipeline] [BEFORE] copying/copying_options.dita                       type=reference  shortdesc=NO  prolog=NO 
2026-09-24 10:15:55,863 [INFO] pipeline.enrich_runner: [EnrichPipeline] [BEFORE] loading_paper/borderless_paper_type_compatibility.dita type=concept    shortdesc=NO  prolog=NO 
2026-09-24 10:15:55,863 [INFO] pipeline.enrich_runner: [EnrichPipeline] [BEFORE] loading_paper/compatible_metr_papers.dita          type=reference  shortdesc=NO  prolog=NO 
2026-09-24 10:15:55,863 [INFO] pipeline.enrich_runner: [EnrichPipeline] [BEFORE] loading_paper/double_sided_printing_capacity.dita  type=concept    shortdesc=NO  prolog=NO 
2026-09-24 10:15:55,863 [INFO] pipeline.enrich_runner: [EnrichPipeline] [BEFORE] loading_paper/loading_paper.dita                   type=concept    shortdesc=NO  prolog=NO 
2026-09-24 10:15:55,863 [INFO] pipeline.enrich_runner: [EnrichPipeline] [BEFORE] loading_paper/loading_paper_in_the_rear_paper_feeder.dita type=task       shortdesc=NO  prolog=NO 
2026-09-24 10:15:55,863 [INFO] pipeline.enrich_runner: [EnrichPipeline] [BEFORE] loading_paper/paper_loading_capacity.dita          type=reference  shortdesc=NO  prolog=NO 
2026-09-24 10:15:55,863 [INFO] pipeline.enrich_runner: [EnrichPipeline] [BEFORE] loading_paper/paper_or_media_type_settings_control_panel.dita type=reference  shortdesc=NO  prolog=NO 
2026-09-24 10:15:55,863 [INFO] pipeline.enrich_runner: [EnrichPipeline] [BEFORE] loading_paper/paper_or_media_type_settings_printing_software.dita type=reference  shortdesc=NO  prolog=NO 
2026-09-24 10:15:55,863 [INFO] pipeline.enrich_runner: [EnrichPipeline] [BEFORE] loading_paper/paper_source_settings_options.dita   type=reference  shortdesc=NO  prolog=NO 
2026-09-24 10:15:55,863 [INFO] pipeline.enrich_runner: [EnrichPipeline] [BEFORE] loading_paper/selecting_the_default_paper_source_settings.dita type=task       shortdesc=NO  prolog=NO 
2026-09-24 10:15:55,863 [INFO] pipeline.enrich_runner: [EnrichPipeline] [BEFORE] loading_paper/selecting_the_paper_settings_control_panel.dita type=task       shortdesc=NO  prolog=NO 
2026-09-24 10:15:55,863 [INFO] pipeline.enrich_runner: [EnrichPipeline] [BEFORE] placing_originals_on_the_product/placing_originals_on_the_product.dita type=concept    shortdesc=NO  prolog=NO 
2026-09-24 10:15:55,863 [INFO] pipeline.enrich_runner: [EnrichPipeline] [BEFORE] placing_originals_on_the_product/placing_originals_on_the_scanner_glass.dita type=task       shortdesc=NO  prolog=NO 
2026-09-24 10:15:55,863 [INFO] pipeline.enrich_runner: [EnrichPipeline] [BEFORE] product_basics/changing_lcd_screen_language.dita   type=task       shortdesc=NO  prolog=NO 
2026-09-24 10:15:55,864 [INFO] pipeline.enrich_runner: [EnrichPipeline] [BEFORE] product_basics/changing_the_power_off_timer_setting_from_the_control_panel.dita type=task       shortdesc=NO  prolog=NO 
2026-09-24 10:15:55,864 [INFO] pipeline.enrich_runner: [EnrichPipeline] [BEFORE] product_basics/changing_the_sleep_timer_setting_from_the_control_panel.dita type=task       shortdesc=NO  prolog=NO 
2026-09-24 10:15:55,864 [INFO] pipeline.enrich_runner: [EnrichPipeline] [BEFORE] product_basics/entering_characters_on_the_lcd_screen.dita type=concept    shortdesc=NO  prolog=NO 
2026-09-24 10:15:55,864 [INFO] pipeline.enrich_runner: [EnrichPipeline] [BEFORE] product_basics/product_basics.dita                 type=concept    shortdesc=NO  prolog=NO 
2026-09-24 10:15:55,864 [INFO] pipeline.enrich_runner: [EnrichPipeline] [BEFORE] product_basics/product_parts_back.dita             type=task       shortdesc=NO  prolog=NO 
2026-09-24 10:15:55,864 [INFO] pipeline.enrich_runner: [EnrichPipeline] [BEFORE] product_basics/product_parts_front.dita            type=task       shortdesc=NO  prolog=NO 
2026-09-24 10:15:55,864 [INFO] pipeline.enrich_runner: [EnrichPipeline] [BEFORE] product_basics/product_parts_inside.dita           type=task       shortdesc=NO  prolog=NO 
2026-09-24 10:15:55,864 [INFO] pipeline.enrich_runner: [EnrichPipeline] [BEFORE] product_basics/product_parts_locations.dita        type=concept    shortdesc=NO  prolog=NO 
2026-09-24 10:15:55,864 [INFO] pipeline.enrich_runner: [EnrichPipeline] [BEFORE] product_basics/status_icon_information.dita        type=reference  shortdesc=NO  prolog=NO 
2026-09-24 10:15:55,864 [INFO] pipeline.enrich_runner: [EnrichPipeline] [BEFORE] product_basics/the_lcd_screen.dita                 type=task       shortdesc=NO  prolog=NO 
2026-09-24 10:15:55,864 [INFO] pipeline.enrich_runner: [EnrichPipeline] [BEFORE] product_basics/using_power_saving_settings.dita    type=concept    shortdesc=NO  prolog=NO 
2026-09-24 10:15:55,864 [INFO] pipeline.enrich_runner: [EnrichPipeline] [BEFORE] product_basics/using_the_control_panel.dita        type=task       shortdesc=NO  prolog=NO 
2026-09-24 10:15:55,864 [INFO] pipeline.enrich_runner: [EnrichPipeline] [BEFORE] product_basics/viewing_animations.dita             type=task       shortdesc=NO  prolog=NO 
2026-09-24 10:15:55,864 [INFO] pipeline.enrich_runner: [EnrichPipeline] [BEFORE] refilling_ink/check_ink_levels.dita                type=concept    shortdesc=NO  prolog=NO 
2026-09-24 10:15:55,864 [INFO] pipeline.enrich_runner: [EnrichPipeline] [BEFORE] refilling_ink/checking_ink_levels_mac.dita         type=task       shortdesc=NO  prolog=NO 
2026-09-24 10:15:55,864 [INFO] pipeline.enrich_runner: [EnrichPipeline] [BEFORE] refilling_ink/checking_ink_levels_on_your_product.dita type=concept    shortdesc=NO  prolog=NO 
2026-09-24 10:15:55,864 [INFO] pipeline.enrich_runner: [EnrichPipeline] [BEFORE] refilling_ink/checking_ink_levels_windows.dita     type=task       shortdesc=NO  prolog=NO 
2026-09-24 10:15:55,864 [INFO] pipeline.enrich_runner: [EnrichPipeline] [BEFORE] refilling_ink/disabling_special_offers_with_windows.dita type=task       shortdesc=NO  prolog=NO 
2026-09-24 10:15:55,864 [INFO] pipeline.enrich_runner: [EnrichPipeline] [BEFORE] refilling_ink/ink_bottle_part_numbers.dita         type=reference  shortdesc=NO  prolog=NO 
2026-09-24 10:15:55,865 [INFO] pipeline.enrich_runner: [EnrichPipeline] [BEFORE] refilling_ink/ink_safety_precautions.dita          type=concept    shortdesc=NO  prolog=NO 
2026-09-24 10:15:55,865 [INFO] pipeline.enrich_runner: [EnrichPipeline] [BEFORE] refilling_ink/purchase_metr_ink.dita               type=concept    shortdesc=NO  prolog=NO 
2026-09-24 10:15:55,865 [INFO] pipeline.enrich_runner: [EnrichPipeline] [BEFORE] refilling_ink/refilling_ink.dita                   type=concept    shortdesc=NO  prolog=NO 
2026-09-24 10:15:55,865 [INFO] pipeline.enrich_runner: [EnrichPipeline] [BEFORE] refilling_ink/refilling_the_ink_tanks.dita         type=task       shortdesc=NO  prolog=NO 
2026-09-24 10:15:55,865 [INFO] pipeline.enrich_runner: [EnrichPipeline] ── Structure & Schema Validation (DITA-only) ──
2026-09-24 10:15:55,865 [INFO] utils.structure_validator: [StructureValidator] Checking .ditamap topicref and mapref references
2026-09-24 10:15:55,874 [INFO] utils.structure_validator: [StructureValidator] Checking for duplicate id attributes
2026-09-24 10:15:55,882 [INFO] utils.structure_validator: [StructureValidator] Checking <xref> href targets
2026-09-24 10:15:55,890 [INFO] utils.structure_validator: [StructureValidator] Checking for spaces in filenames and folder names
2026-09-24 10:15:55,892 [INFO] utils.structure_validator: [StructureValidator] Running per-file DITA schema validation
2026-09-24 10:15:55,914 [WARNING] utils.structure_validator: [StructureValidator] WARNING [step_empty_cmd]: 'product_basics/product_parts_back.dita' — step 3 has an empty <cmd> element
2026-09-24 10:15:55,914 [WARNING] utils.structure_validator: [StructureValidator] WARNING [missing_shortdesc]: 'product_basics/product_parts_back.dita' — <shortdesc> element is missing — required for search previews and navigation
2026-09-24 10:15:55,914 [WARNING] utils.structure_validator: [StructureValidator] WARNING [missing_shortdesc]: 'product_basics/viewing_animations.dita' — <shortdesc> element is missing — required for search previews and navigation
2026-09-24 10:15:55,915 [WARNING] utils.structure_validator: [StructureValidator] WARNING [section_missing_title]: 'product_basics/status_icon_information.dita' — <section> #1 has no <title> — recommended for DITA compliance
2026-09-24 10:15:55,915 [WARNING] utils.structure_validator: [StructureValidator] WARNING [table_missing_title]: 'product_basics/status_icon_information.dita' — <table> #1 has no <title> element — required for accessibility and DITA compliance
2026-09-24 10:15:55,915 [WARNING] utils.structure_validator: [StructureValidator] WARNING [missing_shortdesc]: 'product_basics/status_icon_information.dita' — <shortdesc> element is missing — required for search previews and navigation
2026-09-24 10:15:55,916 [WARNING] utils.structure_validator: [StructureValidator] WARNING [missing_shortdesc]: 'product_basics/product_parts_inside.dita' — <shortdesc> element is missing — required for search previews and navigation
2026-09-24 10:15:55,917 [WARNING] utils.structure_validator: [StructureValidator] WARNING [missing_shortdesc]: 'product_basics/product_parts_locations.dita' — <shortdesc> element is missing — required for search previews and navigation
2026-09-24 10:15:55,918 [WARNING] utils.structure_validator: [StructureValidator] WARNING [missing_shortdesc]: 'product_basics/the_lcd_screen.dita' — <shortdesc> element is missing — required for search previews and navigation
2026-09-24 10:15:55,918 [WARNING] utils.structure_validator: [StructureValidator] WARNING [missing_shortdesc]: 'product_basics/entering_characters_on_the_lcd_screen.dita' — <shortdesc> element is missing — required for search previews and navigation
2026-09-24 10:15:55,920 [WARNING] utils.structure_validator: [StructureValidator] WARNING [step_empty_cmd]: 'product_basics/using_the_control_panel.dita' — step 1 has an empty <cmd> element
2026-09-24 10:15:55,920 [WARNING] utils.structure_validator: [StructureValidator] WARNING [step_empty_cmd]: 'product_basics/using_the_control_panel.dita' — step 2 has an empty <cmd> element
2026-09-24 10:15:55,920 [WARNING] utils.structure_validator: [StructureValidator] WARNING [step_empty_cmd]: 'product_basics/using_the_control_panel.dita' — step 4 has an empty <cmd> element
2026-09-24 10:15:55,920 [WARNING] utils.structure_validator: [StructureValidator] WARNING [step_empty_cmd]: 'product_basics/using_the_control_panel.dita' — step 5 has an empty <cmd> element
2026-09-24 10:15:55,920 [WARNING] utils.structure_validator: [StructureValidator] WARNING [step_empty_cmd]: 'product_basics/using_the_control_panel.dita' — step 6 has an empty <cmd> element
2026-09-24 10:15:55,920 [WARNING] utils.structure_validator: [StructureValidator] WARNING [step_empty_cmd]: 'product_basics/using_the_control_panel.dita' — step 8 has an empty <cmd> element
2026-09-24 10:15:55,920 [WARNING] utils.structure_validator: [StructureValidator] WARNING [step_empty_cmd]: 'product_basics/using_the_control_panel.dita' — step 9 has an empty <cmd> element
2026-09-24 10:15:55,920 [WARNING] utils.structure_validator: [StructureValidator] WARNING [missing_shortdesc]: 'product_basics/using_the_control_panel.dita' — <shortdesc> element is missing — required for search previews and navigation
2026-09-24 10:15:55,922 [WARNING] utils.structure_validator: [StructureValidator] WARNING [missing_shortdesc]: 'product_basics/changing_the_sleep_timer_setting_from_the_control_panel.dita' — <shortdesc> element is missing — required for search previews and navigation
2026-09-24 10:15:55,922 [WARNING] utils.structure_validator: [StructureValidator] WARNING [missing_shortdesc]: 'product_basics/product_basics.dita' — <shortdesc> element is missing — required for search previews and navigation
2026-09-24 10:15:55,923 [WARNING] utils.structure_validator: [StructureValidator] WARNING [missing_shortdesc]: 'product_basics/changing_lcd_screen_language.dita' — <shortdesc> element is missing — required for search previews and navigation
2026-09-24 10:15:55,923 [WARNING] utils.structure_validator: [StructureValidator] WARNING [missing_shortdesc]: 'product_basics/product_parts_front.dita' — <shortdesc> element is missing — required for search previews and navigation
2026-09-24 10:15:55,924 [WARNING] utils.structure_validator: [StructureValidator] WARNING [missing_shortdesc]: 'product_basics/using_power_saving_settings.dita' — <shortdesc> element is missing — required for search previews and navigation
2026-09-24 10:15:55,924 [WARNING] utils.structure_validator: [StructureValidator] WARNING [missing_shortdesc]: 'product_basics/changing_the_power_off_timer_setting_from_the_control_panel.dita' — <shortdesc> element is missing — required for search previews and navigation
2026-09-24 10:15:55,926 [WARNING] utils.structure_validator: [StructureValidator] WARNING [missing_shortdesc]: 'cleaning_and_transporting_your_product/cleaning_your_product.dita' — <shortdesc> element is missing — required for search previews and navigation
2026-09-24 10:15:55,926 [WARNING] utils.structure_validator: [StructureValidator] WARNING [missing_shortdesc]: 'cleaning_and_transporting_your_product/cleaning_and_transporting_your_product.dita' — <shortdesc> element is missing — required for search previews and navigation
2026-09-24 10:15:55,927 [WARNING] utils.structure_validator: [StructureValidator] WARNING [missing_shortdesc]: 'cleaning_and_transporting_your_product/transporting_your_product.dita' — <shortdesc> element is missing — required for search previews and navigation
2026-09-24 10:15:55,928 [WARNING] utils.structure_validator: [StructureValidator] WARNING [missing_shortdesc]: 'cleaning_and_transporting_your_product/copyright_notice.dita' — <shortdesc> element is missing — required for search previews and navigation
2026-09-24 10:15:55,928 [WARNING] utils.structure_validator: [StructureValidator] WARNING [missing_shortdesc]: 'loading_paper/selecting_the_default_paper_source_settings.dita' — <shortdesc> element is missing — required for search previews and navigation
2026-09-24 10:15:55,929 [WARNING] utils.structure_validator: [StructureValidator] WARNING [section_missing_title]: 'loading_paper/paper_or_media_type_settings_printing_software.dita' — <section> #1 has no <title> — recommended for DITA compliance
2026-09-24 10:15:55,929 [WARNING] utils.structure_validator: [StructureValidator] WARNING [table_missing_title]: 'loading_paper/paper_or_media_type_settings_printing_software.dita' — <table> #1 has no <title> element — required for accessibility and DITA compliance
2026-09-24 10:15:55,929 [WARNING] utils.structure_validator: [StructureValidator] WARNING [table_missing_title]: 'loading_paper/paper_or_media_type_settings_printing_software.dita' — <table> #2 has no <title> element — required for accessibility and DITA compliance
2026-09-24 10:15:55,929 [WARNING] utils.structure_validator: [StructureValidator] WARNING [missing_shortdesc]: 'loading_paper/paper_or_media_type_settings_printing_software.dita' — <shortdesc> element is missing — required for search previews and navigation
2026-09-24 10:15:55,930 [WARNING] utils.structure_validator: [StructureValidator] WARNING [missing_shortdesc]: 'loading_paper/loading_paper.dita' — <shortdesc> element is missing — required for search previews and navigation
2026-09-24 10:15:55,930 [WARNING] utils.structure_validator: [StructureValidator] WARNING [missing_shortdesc]: 'loading_paper/borderless_paper_type_compatibility.dita' — <shortdesc> element is missing — required for search previews and navigation
2026-09-24 10:15:55,931 [WARNING] utils.structure_validator: [StructureValidator] WARNING [section_missing_title]: 'loading_paper/paper_loading_capacity.dita' — <section> #1 has no <title> — recommended for DITA compliance
2026-09-24 10:15:55,931 [WARNING] utils.structure_validator: [StructureValidator] WARNING [table_col_mismatch]: 'loading_paper/paper_loading_capacity.dita' — table 1 row has 1 entries but cols=2
2026-09-24 10:15:55,931 [WARNING] utils.structure_validator: [StructureValidator] WARNING [table_missing_title]: 'loading_paper/paper_loading_capacity.dita' — <table> #1 has no <title> element — required for accessibility and DITA compliance
2026-09-24 10:15:55,931 [WARNING] utils.structure_validator: [StructureValidator] WARNING [table_missing_title]: 'loading_paper/paper_loading_capacity.dita' — <table> #2 has no <title> element — required for accessibility and DITA compliance
2026-09-24 10:15:55,931 [WARNING] utils.structure_validator: [StructureValidator] WARNING [missing_shortdesc]: 'loading_paper/paper_loading_capacity.dita' — <shortdesc> element is missing — required for search previews and navigation
2026-09-24 10:15:55,933 [WARNING] utils.structure_validator: [StructureValidator] WARNING [missing_shortdesc]: 'loading_paper/loading_paper_in_the_rear_paper_feeder.dita' — <shortdesc> element is missing — required for search previews and navigation
2026-09-24 10:15:55,934 [WARNING] utils.structure_validator: [StructureValidator] WARNING [section_missing_title]: 'loading_paper/paper_or_media_type_settings_control_panel.dita' — <section> #1 has no <title> — recommended for DITA compliance
2026-09-24 10:15:55,934 [WARNING] utils.structure_validator: [StructureValidator] WARNING [table_missing_title]: 'loading_paper/paper_or_media_type_settings_control_panel.dita' — <table> #1 has no <title> element — required for accessibility and DITA compliance
2026-09-24 10:15:55,934 [WARNING] utils.structure_validator: [StructureValidator] WARNING [missing_shortdesc]: 'loading_paper/paper_or_media_type_settings_control_panel.dita' — <shortdesc> element is missing — required for search previews and navigation
2026-09-24 10:15:55,935 [WARNING] utils.structure_validator: [StructureValidator] WARNING [table_col_mismatch]: 'loading_paper/double_sided_printing_capacity.dita' — table 1 row has 3 entries but cols=4
2026-09-24 10:15:55,935 [WARNING] utils.structure_validator: [StructureValidator] WARNING [table_col_mismatch]: 'loading_paper/double_sided_printing_capacity.dita' — table 1 row has 2 entries but cols=4
2026-09-24 10:15:55,935 [WARNING] utils.structure_validator: [StructureValidator] WARNING [table_missing_title]: 'loading_paper/double_sided_printing_capacity.dita' — <table> #1 has no <title> element — required for accessibility and DITA compliance
2026-09-24 10:15:55,935 [WARNING] utils.structure_validator: [StructureValidator] WARNING [missing_shortdesc]: 'loading_paper/double_sided_printing_capacity.dita' — <shortdesc> element is missing — required for search previews and navigation
2026-09-24 10:15:55,936 [WARNING] utils.structure_validator: [StructureValidator] WARNING [section_missing_title]: 'loading_paper/paper_source_settings_options.dita' — <section> #1 has no <title> — recommended for DITA compliance
2026-09-24 10:15:55,936 [WARNING] utils.structure_validator: [StructureValidator] WARNING [table_col_mismatch]: 'loading_paper/paper_source_settings_options.dita' — table 1 row has 1 entries but cols=3
2026-09-24 10:15:55,936 [WARNING] utils.structure_validator: [StructureValidator] WARNING [table_col_mismatch]: 'loading_paper/paper_source_settings_options.dita' — table 1 row has 1 entries but cols=3
2026-09-24 10:15:55,936 [WARNING] utils.structure_validator: [StructureValidator] WARNING [table_col_mismatch]: 'loading_paper/paper_source_settings_options.dita' — table 1 row has 1 entries but cols=3
2026-09-24 10:15:55,936 [WARNING] utils.structure_validator: [StructureValidator] WARNING [table_missing_title]: 'loading_paper/paper_source_settings_options.dita' — <table> #1 has no <title> element — required for accessibility and DITA compliance
2026-09-24 10:15:55,936 [WARNING] utils.structure_validator: [StructureValidator] WARNING [missing_shortdesc]: 'loading_paper/paper_source_settings_options.dita' — <shortdesc> element is missing — required for search previews and navigation
2026-09-24 10:15:55,937 [WARNING] utils.structure_validator: [StructureValidator] WARNING [section_missing_title]: 'loading_paper/compatible_metr_papers.dita' — <section> #1 has no <title> — recommended for DITA compliance
2026-09-24 10:15:55,937 [WARNING] utils.structure_validator: [StructureValidator] WARNING [table_col_mismatch]: 'loading_paper/compatible_metr_papers.dita' — table 1 row has 3 entries but cols=4
2026-09-24 10:15:55,937 [WARNING] utils.structure_validator: [StructureValidator] WARNING [table_col_mismatch]: 'loading_paper/compatible_metr_papers.dita' — table 2 row has 3 entries but cols=4
2026-09-24 10:15:55,937 [WARNING] utils.structure_validator: [StructureValidator] WARNING [table_col_mismatch]: 'loading_paper/compatible_metr_papers.dita' — table 2 row has 3 entries but cols=4
2026-09-24 10:15:55,937 [WARNING] utils.structure_validator: [StructureValidator] WARNING [table_col_mismatch]: 'loading_paper/compatible_metr_papers.dita' — table 2 row has 3 entries but cols=4
2026-09-24 10:15:55,937 [WARNING] utils.structure_validator: [StructureValidator] WARNING [table_col_mismatch]: 'loading_paper/compatible_metr_papers.dita' — table 2 row has 3 entries but cols=4
2026-09-24 10:15:55,937 [WARNING] utils.structure_validator: [StructureValidator] WARNING [table_col_mismatch]: 'loading_paper/compatible_metr_papers.dita' — table 2 row has 3 entries but cols=4
2026-09-24 10:15:55,937 [WARNING] utils.structure_validator: [StructureValidator] WARNING [table_col_mismatch]: 'loading_paper/compatible_metr_papers.dita' — table 2 row has 3 entries but cols=4
2026-09-24 10:15:55,937 [WARNING] utils.structure_validator: [StructureValidator] WARNING [table_col_mismatch]: 'loading_paper/compatible_metr_papers.dita' — table 2 row has 3 entries but cols=4
2026-09-24 10:15:55,937 [WARNING] utils.structure_validator: [StructureValidator] WARNING [table_col_mismatch]: 'loading_paper/compatible_metr_papers.dita' — table 2 row has 3 entries but cols=4
2026-09-24 10:15:55,937 [WARNING] utils.structure_validator: [StructureValidator] WARNING [table_col_mismatch]: 'loading_paper/compatible_metr_papers.dita' — table 2 row has 3 entries but cols=4
2026-09-24 10:15:55,937 [WARNING] utils.structure_validator: [StructureValidator] WARNING [table_col_mismatch]: 'loading_paper/compatible_metr_papers.dita' — table 2 row has 3 entries but cols=4
2026-09-24 10:15:55,937 [WARNING] utils.structure_validator: [StructureValidator] WARNING [table_missing_title]: 'loading_paper/compatible_metr_papers.dita' — <table> #1 has no <title> element — required for accessibility and DITA compliance
2026-09-24 10:15:55,938 [WARNING] utils.structure_validator: [StructureValidator] WARNING [table_missing_title]: 'loading_paper/compatible_metr_papers.dita' — <table> #2 has no <title> element — required for accessibility and DITA compliance
2026-09-24 10:15:55,938 [WARNING] utils.structure_validator: [StructureValidator] WARNING [missing_shortdesc]: 'loading_paper/compatible_metr_papers.dita' — <shortdesc> element is missing — required for search previews and navigation
2026-09-24 10:15:55,938 [WARNING] utils.structure_validator: [StructureValidator] WARNING [missing_shortdesc]: 'loading_paper/selecting_the_paper_settings_control_panel.dita' — <shortdesc> element is missing — required for search previews and navigation
2026-09-24 10:15:55,939 [WARNING] utils.structure_validator: [StructureValidator] WARNING [section_missing_title]: 'copying/copying_options.dita' — <section> #1 has no <title> — recommended for DITA compliance
2026-09-24 10:15:55,939 [WARNING] utils.structure_validator: [StructureValidator] WARNING [table_col_mismatch]: 'copying/copying_options.dita' — table 1 row has 2 entries but cols=3
2026-09-24 10:15:55,939 [WARNING] utils.structure_validator: [StructureValidator] WARNING [table_col_mismatch]: 'copying/copying_options.dita' — table 1 row has 2 entries but cols=3
2026-09-24 10:15:55,939 [WARNING] utils.structure_validator: [StructureValidator] WARNING [table_col_mismatch]: 'copying/copying_options.dita' — table 1 row has 2 entries but cols=3
2026-09-24 10:15:55,939 [WARNING] utils.structure_validator: [StructureValidator] WARNING [table_col_mismatch]: 'copying/copying_options.dita' — table 1 row has 1 entries but cols=3
2026-09-24 10:15:55,939 [WARNING] utils.structure_validator: [StructureValidator] WARNING [table_col_mismatch]: 'copying/copying_options.dita' — table 1 row has 1 entries but cols=3
2026-09-24 10:15:55,939 [WARNING] utils.structure_validator: [StructureValidator] WARNING [table_col_mismatch]: 'copying/copying_options.dita' — table 1 row has 1 entries but cols=3
2026-09-24 10:15:55,939 [WARNING] utils.structure_validator: [StructureValidator] WARNING [table_col_mismatch]: 'copying/copying_options.dita' — table 1 row has 1 entries but cols=3
2026-09-24 10:15:55,940 [WARNING] utils.structure_validator: [StructureValidator] WARNING [table_col_mismatch]: 'copying/copying_options.dita' — table 1 row has 1 entries but cols=3
2026-09-24 10:15:55,940 [WARNING] utils.structure_validator: [StructureValidator] WARNING [table_missing_title]: 'copying/copying_options.dita' — <table> #1 has no <title> element — required for accessibility and DITA compliance
2026-09-24 10:15:55,940 [WARNING] utils.structure_validator: [StructureValidator] WARNING [missing_shortdesc]: 'copying/copying_options.dita' — <shortdesc> element is missing — required for search previews and navigation
2026-09-24 10:15:55,940 [WARNING] utils.structure_validator: [StructureValidator] WARNING [missing_shortdesc]: 'copying/copying.dita' — <shortdesc> element is missing — required for search previews and navigation
2026-09-24 10:15:55,941 [WARNING] utils.structure_validator: [StructureValidator] WARNING [missing_shortdesc]: 'copying/copying_documents_or_photos.dita' — <shortdesc> element is missing — required for search previews and navigation
2026-09-24 10:15:55,941 [WARNING] utils.structure_validator: [StructureValidator] WARNING [missing_shortdesc]: 'adjusting_print_quality/print_head_maintenance.dita' — <shortdesc> element is missing — required for search previews and navigation
2026-09-24 10:15:55,942 [WARNING] utils.structure_validator: [StructureValidator] WARNING [missing_shortdesc]: 'adjusting_print_quality/power_cleaning.dita' — <shortdesc> element is missing — required for search previews and navigation
2026-09-24 10:15:55,943 [WARNING] utils.structure_validator: [StructureValidator] WARNING [missing_shortdesc]: 'adjusting_print_quality/aligning_the_print_head_using_the_product_control_panel.dita' — <shortdesc> element is missing — required for search previews and navigation
2026-09-24 10:15:55,943 [WARNING] utils.structure_validator: [StructureValidator] WARNING [missing_shortdesc]: 'adjusting_print_quality/checking_the_sheet_counter_mac.dita' — <shortdesc> element is missing — required for search previews and navigation
2026-09-24 10:15:55,944 [WARNING] utils.structure_validator: [StructureValidator] WARNING [missing_shortdesc]: 'adjusting_print_quality/power_cleaning_using_the_product_control_panel.dita' — <shortdesc> element is missing — required for search previews and navigation
2026-09-24 10:15:55,944 [WARNING] utils.structure_validator: [StructureValidator] WARNING [missing_shortdesc]: 'adjusting_print_quality/print_head_cleaning.dita' — <shortdesc> element is missing — required for search previews and navigation
2026-09-24 10:15:55,945 [WARNING] utils.structure_validator: [StructureValidator] WARNING [missing_shortdesc]: 'adjusting_print_quality/power_cleaning_using_a_computer_utility.dita' — <shortdesc> element is missing — required for search previews and navigation
2026-09-24 10:15:55,946 [WARNING] utils.structure_validator: [StructureValidator] WARNING [missing_shortdesc]: 'adjusting_print_quality/checking_the_nozzles_using_the_product_control_panel.dita' — <shortdesc> element is missing — required for search previews and navigation
2026-09-24 10:15:55,949 [WARNING] utils.structure_validator: [StructureValidator] WARNING [missing_shortdesc]: 'adjusting_print_quality/cleaning_the_print_head_using_a_computer_utility.dita' — <shortdesc> element is missing — required for search previews and navigation
2026-09-24 10:15:55,950 [WARNING] utils.structure_validator: [StructureValidator] WARNING [missing_shortdesc]: 'adjusting_print_quality/checking_the_number_of_sheets_fed.dita' — <shortdesc> element is missing — required for search previews and navigation
2026-09-24 10:15:55,953 [WARNING] utils.structure_validator: [StructureValidator] WARNING [step_empty_cmd]: 'adjusting_print_quality/checking_the_nozzles_using_a_computer_utility.dita' — step 7 has an empty <cmd> element
2026-09-24 10:15:55,953 [WARNING] utils.structure_validator: [StructureValidator] WARNING [missing_shortdesc]: 'adjusting_print_quality/checking_the_nozzles_using_a_computer_utility.dita' — <shortdesc> element is missing — required for search previews and navigation
2026-09-24 10:15:55,953 [WARNING] utils.structure_validator: [StructureValidator] WARNING [missing_shortdesc]: 'adjusting_print_quality/print_head_alignment.dita' — <shortdesc> element is missing — required for search previews and navigation
2026-09-24 10:15:55,954 [WARNING] utils.structure_validator: [StructureValidator] WARNING [missing_shortdesc]: 'adjusting_print_quality/checking_the_number_of_sheets_on_the_lcd_screen.dita' — <shortdesc> element is missing — required for search previews and navigation
2026-09-24 10:15:55,955 [WARNING] utils.structure_validator: [StructureValidator] WARNING [missing_shortdesc]: 'adjusting_print_quality/cleaning_the_print_head_path.dita' — <shortdesc> element is missing — required for search previews and navigation
2026-09-24 10:15:55,955 [WARNING] utils.structure_validator: [StructureValidator] WARNING [missing_shortdesc]: 'adjusting_print_quality/adjusting_print_quality.dita' — <shortdesc> element is missing — required for search previews and navigation
2026-09-24 10:15:55,956 [WARNING] utils.structure_validator: [StructureValidator] WARNING [missing_shortdesc]: 'adjusting_print_quality/checking_the_sheet_counter_windows.dita' — <shortdesc> element is missing — required for search previews and navigation
2026-09-24 10:15:55,959 [WARNING] utils.structure_validator: [StructureValidator] WARNING [step_empty_cmd]: 'adjusting_print_quality/cleaning_the_print_head_using_the_product_control_panel.dita' — step 7 has an empty <cmd> element
2026-09-24 10:15:55,959 [WARNING] utils.structure_validator: [StructureValidator] WARNING [missing_shortdesc]: 'adjusting_print_quality/cleaning_the_print_head_using_the_product_control_panel.dita' — <shortdesc> element is missing — required for search previews and navigation
2026-09-24 10:15:55,960 [WARNING] utils.structure_validator: [StructureValidator] WARNING [missing_shortdesc]: 'adjusting_print_quality/print_head_nozzle_check.dita' — <shortdesc> element is missing — required for search previews and navigation
2026-09-24 10:15:55,961 [WARNING] utils.structure_validator: [StructureValidator] WARNING [missing_shortdesc]: 'adjusting_print_quality/cleaning_the_paper_guide.dita' — <shortdesc> element is missing — required for search previews and navigation
2026-09-24 10:15:55,961 [WARNING] utils.structure_validator: [StructureValidator] WARNING [missing_shortdesc]: 'refilling_ink/ink_safety_precautions.dita' — <shortdesc> element is missing — required for search previews and navigation
2026-09-24 10:15:55,962 [WARNING] utils.structure_validator: [StructureValidator] WARNING [step_empty_cmd]: 'refilling_ink/checking_ink_levels_windows.dita' — step 1 has an empty <cmd> element
2026-09-24 10:15:55,962 [WARNING] utils.structure_validator: [StructureValidator] WARNING [missing_shortdesc]: 'refilling_ink/checking_ink_levels_windows.dita' — <shortdesc> element is missing — required for search previews and navigation
2026-09-24 10:15:55,963 [WARNING] utils.structure_validator: [StructureValidator] WARNING [missing_shortdesc]: 'refilling_ink/disabling_special_offers_with_windows.dita' — <shortdesc> element is missing — required for search previews and navigation
2026-09-24 10:15:55,963 [WARNING] utils.structure_validator: [StructureValidator] WARNING [missing_shortdesc]: 'refilling_ink/checking_ink_levels_on_your_product.dita' — <shortdesc> element is missing — required for search previews and navigation
2026-09-24 10:15:55,964 [WARNING] utils.structure_validator: [StructureValidator] WARNING [missing_shortdesc]: 'refilling_ink/refilling_the_ink_tanks.dita' — <shortdesc> element is missing — required for search previews and navigation
2026-09-24 10:15:55,965 [WARNING] utils.structure_validator: [StructureValidator] WARNING [missing_shortdesc]: 'refilling_ink/checking_ink_levels_mac.dita' — <shortdesc> element is missing — required for search previews and navigation
2026-09-24 10:15:55,965 [WARNING] utils.structure_validator: [StructureValidator] WARNING [missing_shortdesc]: 'refilling_ink/check_ink_levels.dita' — <shortdesc> element is missing — required for search previews and navigation
2026-09-24 10:15:55,966 [WARNING] utils.structure_validator: [StructureValidator] WARNING [section_missing_title]: 'refilling_ink/ink_bottle_part_numbers.dita' — <section> #1 has no <title> — recommended for DITA compliance
2026-09-24 10:15:55,966 [WARNING] utils.structure_validator: [StructureValidator] WARNING [table_missing_title]: 'refilling_ink/ink_bottle_part_numbers.dita' — <table> #1 has no <title> element — required for accessibility and DITA compliance
2026-09-24 10:15:55,966 [WARNING] utils.structure_validator: [StructureValidator] WARNING [missing_shortdesc]: 'refilling_ink/ink_bottle_part_numbers.dita' — <shortdesc> element is missing — required for search previews and navigation
2026-09-24 10:15:55,966 [WARNING] utils.structure_validator: [StructureValidator] WARNING [missing_shortdesc]: 'refilling_ink/purchase_metr_ink.dita' — <shortdesc> element is missing — required for search previews and navigation
2026-09-24 10:15:55,967 [WARNING] utils.structure_validator: [StructureValidator] WARNING [missing_shortdesc]: 'refilling_ink/refilling_ink.dita' — <shortdesc> element is missing — required for search previews and navigation
2026-09-24 10:15:55,968 [WARNING] utils.structure_validator: [StructureValidator] WARNING [missing_shortdesc]: 'placing_originals_on_the_product/placing_originals_on_the_scanner_glass.dita' — <shortdesc> element is missing — required for search previews and navigation
2026-09-24 10:15:55,968 [WARNING] utils.structure_validator: [StructureValidator] WARNING [missing_shortdesc]: 'placing_originals_on_the_product/placing_originals_on_the_product.dita' — <shortdesc> element is missing — required for search previews and navigation
2026-09-24 10:15:55,969 [INFO] utils.structure_validator: [StructureValidator] Complete — CRITICAL=0, WARNING=119 | dita_files=63, broken_xml=0, empty=0, broken_dita_refs=0, broken_maprefs=0, orphans=0, duplicate_ids=0, broken_xrefs=0, filename_spaces=0
2026-09-24 10:15:55,969 [INFO] pipeline.enrich_runner: [EnrichPipeline] Validation done — CRITICAL=0, WARNING=119 | broken_xml=0, empty=0, broken_refs=0, orphans=0
2026-09-24 10:15:55,970 [INFO] pipeline.enrich_runner: [EnrichPipeline] ── Safe Fixer: Zone 1 auto-fixes ──
2026-09-24 10:15:55,975 [INFO] utils.dita_safe_fixer: [SafeFixer] Complete — 0 fix(es) applied, 0 write failure(s)
2026-09-24 10:15:55,975 [INFO] pipeline.enrich_runner: [EnrichPipeline] Safe fixes applied=0, write_failures=0
2026-09-24 10:15:56,305 [INFO] httpx2: HTTP Request: POST https://api.anthropic.com/v1/messages "HTTP/1.1 401 Unauthorized"
2026-09-24 10:15:56,306 [WARNING] pipeline.enrich_runner: [EnrichPipeline] ANTHROPIC_API_KEY is invalid or expired — heuristic fallbacks will be used.
2026-09-24 10:15:56,312 [INFO] pipeline.enrich_runner: [EnrichPipeline] ── Extracting document context from DITA files ──
2026-09-24 10:15:56,322 [INFO] utils.document_context_extractor: [DocContext] extract_context_from_dita — 63 files found, stem='product_basics_map'
2026-09-24 10:15:56,322 [INFO] utils.document_context_extractor: [DocContext] Extracting document-level context from: product_basics_map.ditamap
2026-09-24 10:15:56,322 [INFO] utils.document_context_extractor: [DocContext] Aggregated content from 63 files
2026-09-24 10:15:56,616 [INFO] httpx2: HTTP Request: POST https://api.anthropic.com/v1/messages "HTTP/1.1 401 Unauthorized"
2026-09-24 10:15:56,616 [WARNING] utils.document_context_extractor: [DocContext] AI extraction failed: Error code: 401 - {'type': 'error', 'error': {'type': 'authentication_error', 'message': 'API key is invalid.'}, 'request_id': None}
2026-09-24 10:15:56,617 [INFO] utils.document_context_extractor: [DocContext] AI confidence low (0.00), using heuristic for task_type only
2026-09-24 10:15:56,618 [INFO] utils.document_context_extractor: [DocContext] Skipping 'Product Control Panel' — likely a person name (100% of occurrences adjacent to role-indicator words)
2026-09-24 10:15:56,619 [INFO] utils.document_context_extractor: [DocContext] Skipping 'Print Head Using' — likely a person name (100% of occurrences adjacent to role-indicator words)
2026-09-24 10:15:56,619 [INFO] utils.document_context_extractor: [DocContext] Skipping 'Computer Utility You' — likely a person name (100% of occurrences adjacent to role-indicator words)
2026-09-24 10:15:56,619 [INFO] utils.document_context_extractor: [DocContext] Skipping 'Select No' — likely a person name (67% of occurrences adjacent to role-indicator words)
2026-09-24 10:15:56,619 [INFO] utils.document_context_extractor: [DocContext] Skipping 'Nozzles Using' — likely a person name (100% of occurrences adjacent to role-indicator words)
2026-09-24 10:15:56,619 [INFO] utils.document_context_extractor: [DocContext] Skipping 'Select Print Head' — likely a person name (100% of occurrences adjacent to role-indicator words)
2026-09-24 10:15:56,619 [INFO] utils.document_context_extractor: [DocContext] Skipping 'Power Cleaning Using' — likely a person name (100% of occurrences adjacent to role-indicator words)
2026-09-24 10:15:56,619 [INFO] utils.document_context_extractor: [DocContext] Skipping 'Run Print Head' — likely a person name (100% of occurrences adjacent to role-indicator words)
2026-09-24 10:15:56,619 [INFO] utils.document_context_extractor: [DocContext] Heuristic task_type: 'maintenance procedures'
2026-09-24 10:15:56,620 [INFO] utils.document_context_extractor: [DocContext] Final context: {'prodname': 'product_basics_map', 'prodname_confirmed': False, 'equipment_name': '', 'task_type': 'maintenance procedures', 'document_keywords': ['maintenance procedures'], 'extraction_method': 'heuristic', 'confidence': 0.0}
2026-09-24 10:15:56,620 [INFO] pipeline.enrich_runner: [EnrichPipeline] prodname 'product_basics_map' is AI-inferred — clearing so DITA gets empty <prodname>
2026-09-24 10:15:56,620 [INFO] pipeline.enrich_runner: [EnrichPipeline] Context — prodname='', equipment='', task_type='maintenance procedures', method=heuristic, confidence=0.00
2026-09-24 10:15:56,620 [INFO] utils.core_log_parser: [CoreLogParser] Parsed postflight.log — 63 DITA files, root=printer_user_s_guide.ditamap
2026-09-24 10:15:56,620 [INFO] pipeline.enrich_runner: [EnrichPipeline] ── Backend Report (postflight.log) ──────────────
2026-09-24 10:15:56,620 [INFO] pipeline.enrich_runner: [BackendReport] [Core Engine] dita_files=63, ditamap_files=8, root_map=printer_user_s_guide.ditamap, images=235
2026-09-24 10:15:56,620 [INFO] pipeline.enrich_runner: [BackendReport] DTD validation: all files passed
2026-09-24 10:15:56,621 [INFO] pipeline.enrich_runner: [EnrichPipeline] ────────────────────────────────────────────────────
2026-09-24 10:15:56,623 [INFO] utils.structural_fixer: [StructuralFix] Loaded task → task.xsl (with 5 pre-process step(s))
2026-09-24 10:15:56,623 [INFO] utils.structural_fixer: [StructuralFix] Loaded concept → concept.xsl (with 5 pre-process step(s))
2026-09-24 10:15:56,623 [INFO] utils.structural_fixer: [StructuralFix] Loaded reference → reference.xsl (with 5 pre-process step(s))
2026-09-24 10:15:56,623 [INFO] utils.structural_fixer: [StructuralFix] Loaded map → map.xsl (with 5 pre-process step(s))
2026-09-24 10:15:56,623 [INFO] utils.structural_fixer: [StructuralFix] Loaded bookmap → bookmap.xsl (with 5 pre-process step(s))
2026-09-24 10:15:56,623 [INFO] utils.structural_fixer: [StructuralFix] Loaded glossentry → glossentry.xsl (with 5 pre-process step(s))
2026-09-24 10:15:56,624 [INFO] utils.structural_fixer: [StructuralFix] Loaded topic → topic.xsl (with 5 pre-process step(s))
2026-09-24 10:15:57,114 [INFO] utils.structural_fixer: [StructuralFix] Done — processed=63, modified=0, unchanged=63, failed=0
2026-09-24 10:15:57,115 [INFO] pipeline.enrich_runner: [EnrichPipeline] ── Layers 1+2+3+4: Classify + Shortdesc + Keywords + Alt Text ──
2026-09-24 10:15:57,136 [INFO] layers.layer1234_enrichment: L1234 › 'Adjusting Print Quality' adjusting_print_quality/adjusting_print_quality.dita
2026-09-24 10:15:57,139 [INFO] layers.layer1234_enrichment: L1234 › 'Aligning the Print Head Using the Product Control Panel' adjusting_print_quality/aligning_the_print_head_using_the_product_control_panel.dita
2026-09-24 10:15:57,144 [INFO] layers.layer1234_enrichment: L1234 › 'Checking the Nozzles Using a Computer Utility' adjusting_print_quality/checking_the_nozzles_using_a_computer_utility.dita
2026-09-24 10:15:57,147 [INFO] layers.layer1234_enrichment: L1234 › 'Checking the Nozzles Using the Product Control Panel' adjusting_print_quality/checking_the_nozzles_using_the_product_control_panel.dita
2026-09-24 10:15:57,150 [INFO] layers.layer1234_enrichment: L1234 › 'Checking the Number of Sheets Fed' adjusting_print_quality/checking_the_number_of_sheets_fed.dita
2026-09-24 10:15:57,153 [INFO] layers.layer1234_enrichment: L1234 › 'Checking the Number of Sheets on the LCD Screen' adjusting_print_quality/checking_the_number_of_sheets_on_the_lcd_screen.dita
2026-09-24 10:15:57,154 [INFO] layers.layer1234_enrichment: L1234 › 'Checking the Sheet Counter - Mac' adjusting_print_quality/checking_the_sheet_counter_mac.dita
2026-09-24 10:15:57,155 [INFO] layers.layer1234_enrichment: L1234 › 'Checking the Sheet Counter - Windows' adjusting_print_quality/checking_the_sheet_counter_windows.dita
2026-09-24 10:15:57,157 [INFO] layers.layer1234_enrichment: L1234 › 'Cleaning the Paper Guide' adjusting_print_quality/cleaning_the_paper_guide.dita
2026-09-24 10:15:57,159 [INFO] layers.layer1234_enrichment: L1234 › 'Cleaning the Print Head Path' adjusting_print_quality/cleaning_the_print_head_path.dita
2026-09-24 10:15:57,162 [INFO] layers.layer1234_enrichment: L1234 › 'Cleaning the Print Head Using a Computer Utility' adjusting_print_quality/cleaning_the_print_head_using_a_computer_utility.dita
2026-09-24 10:15:57,166 [INFO] layers.layer1234_enrichment: L1234 › 'Cleaning the Print Head Using the Product Control Panel' adjusting_print_quality/cleaning_the_print_head_using_the_product_control_panel.dita
2026-09-24 10:15:57,167 [INFO] layers.layer1234_enrichment: L1234 › 'Power Cleaning' adjusting_print_quality/power_cleaning.dita
2026-09-24 10:15:57,168 [INFO] layers.layer1234_enrichment: L1234 › 'Power Cleaning Using a Computer Utility' adjusting_print_quality/power_cleaning_using_a_computer_utility.dita
2026-09-24 10:15:57,170 [INFO] layers.layer1234_enrichment: L1234 › 'Power Cleaning Using the Product Control Panel' adjusting_print_quality/power_cleaning_using_the_product_control_panel.dita
2026-09-24 10:15:57,171 [INFO] layers.layer1234_enrichment: L1234 › 'Print Head Alignment' adjusting_print_quality/print_head_alignment.dita
2026-09-24 10:15:57,172 [INFO] layers.layer1234_enrichment: L1234 › 'Print Head Cleaning' adjusting_print_quality/print_head_cleaning.dita
2026-09-24 10:15:57,173 [INFO] layers.layer1234_enrichment: L1234 › 'Print Head Maintenance' adjusting_print_quality/print_head_maintenance.dita
2026-09-24 10:15:57,174 [INFO] layers.layer1234_enrichment: L1234 › 'Print Head Nozzle Check' adjusting_print_quality/print_head_nozzle_check.dita
2026-09-24 10:15:57,175 [INFO] layers.layer1234_enrichment: L1234 › 'Cleaning and Transporting Your Product' cleaning_and_transporting_your_product/cleaning_and_transporting_your_product.dita
2026-09-24 10:15:57,176 [INFO] layers.layer1234_enrichment: L1234 › 'Cleaning Your Product' cleaning_and_transporting_your_product/cleaning_your_product.dita
2026-09-24 10:15:57,177 [INFO] layers.layer1234_enrichment: L1234 › 'Copyright Notice' cleaning_and_transporting_your_product/copyright_notice.dita
2026-09-24 10:15:57,179 [INFO] layers.layer1234_enrichment: L1234 › 'Transporting Your Product' cleaning_and_transporting_your_product/transporting_your_product.dita
2026-09-24 10:15:57,180 [INFO] layers.layer1234_enrichment: L1234 › 'Copying' copying/copying.dita
2026-09-24 10:15:57,182 [INFO] layers.layer1234_enrichment: L1234 › 'Copying Documents or Photos' copying/copying_documents_or_photos.dita
2026-09-24 10:15:57,183 [INFO] layers.layer1234_enrichment: L1234 › 'Copying Options' copying/copying_options.dita
2026-09-24 10:15:57,184 [INFO] layers.layer1234_enrichment: L1234 › 'Borderless Paper Type Compatibility' loading_paper/borderless_paper_type_compatibility.dita
2026-09-24 10:15:57,186 [INFO] layers.layer1234_enrichment: L1234 › 'Compatible MetR Papers' loading_paper/compatible_metr_papers.dita
2026-09-24 10:15:57,188 [INFO] layers.layer1234_enrichment: L1234 › 'Double-sided Printing Capacity' loading_paper/double_sided_printing_capacity.dita
2026-09-24 10:15:57,189 [INFO] layers.layer1234_enrichment: L1234 › 'Loading Paper' loading_paper/loading_paper.dita
2026-09-24 10:15:57,192 [INFO] layers.layer1234_enrichment: L1234 › 'Loading Paper in the Rear Paper Feeder' loading_paper/loading_paper_in_the_rear_paper_feeder.dita
2026-09-24 10:15:57,194 [INFO] layers.layer1234_enrichment: L1234 › 'Paper Loading Capacity' loading_paper/paper_loading_capacity.dita
2026-09-24 10:15:57,195 [INFO] layers.layer1234_enrichment: L1234 › 'Paper or Media Type Settings - Control Panel' loading_paper/paper_or_media_type_settings_control_panel.dita
2026-09-24 10:15:57,196 [INFO] layers.layer1234_enrichment: L1234 › 'Paper or Media Type Settings - Printing Software' loading_paper/paper_or_media_type_settings_printing_software.dita
2026-09-24 10:15:57,197 [INFO] layers.layer1234_enrichment: L1234 › 'Paper Source Settings Options' loading_paper/paper_source_settings_options.dita
2026-09-24 10:15:57,199 [INFO] layers.layer1234_enrichment: L1234 › 'Selecting the Default Paper Source Settings' loading_paper/selecting_the_default_paper_source_settings.dita
2026-09-24 10:15:57,200 [INFO] layers.layer1234_enrichment: L1234 › 'Selecting the Paper Settings - Control Panel' loading_paper/selecting_the_paper_settings_control_panel.dita
2026-09-24 10:15:57,201 [INFO] layers.layer1234_enrichment: L1234 › 'Placing Originals on the Product' placing_originals_on_the_product/placing_originals_on_the_product.dita
2026-09-24 10:15:57,202 [INFO] layers.layer1234_enrichment: L1234 › 'Placing Originals on the Scanner Glass' placing_originals_on_the_product/placing_originals_on_the_scanner_glass.dita
2026-09-24 10:15:57,204 [INFO] layers.layer1234_enrichment: L1234 › 'Changing LCD Screen Language' product_basics/changing_lcd_screen_language.dita
2026-09-24 10:15:57,205 [INFO] layers.layer1234_enrichment: L1234 › 'Changing the Power Off Timer Setting from the Control Panel' product_basics/changing_the_power_off_timer_setting_from_the_control_panel.dita
2026-09-24 10:15:57,206 [INFO] layers.layer1234_enrichment: L1234 › 'Changing the Sleep Timer Setting from the Control Panel' product_basics/changing_the_sleep_timer_setting_from_the_control_panel.dita
2026-09-24 10:15:57,207 [INFO] layers.layer1234_enrichment: L1234 › 'Entering Characters on the LCD Screen' product_basics/entering_characters_on_the_lcd_screen.dita
2026-09-24 10:15:57,208 [INFO] layers.layer1234_enrichment: L1234 › 'Product Basics' product_basics/product_basics.dita
2026-09-24 10:15:57,209 [INFO] layers.layer1234_enrichment: L1234 › 'Product Parts - Back' product_basics/product_parts_back.dita
2026-09-24 10:15:57,210 [INFO] layers.layer1234_enrichment: L1234 › 'Product Parts - Front' product_basics/product_parts_front.dita
2026-09-24 10:15:57,212 [INFO] layers.layer1234_enrichment: L1234 › 'Product Parts - Inside' product_basics/product_parts_inside.dita
2026-09-24 10:15:57,213 [INFO] layers.layer1234_enrichment: L1234 › 'Product Parts Locations' product_basics/product_parts_locations.dita
2026-09-24 10:15:57,214 [INFO] layers.layer1234_enrichment: L1234 › 'Status Icon Information' product_basics/status_icon_information.dita
2026-09-24 10:15:57,215 [INFO] layers.layer1234_enrichment: L1234 › 'The LCD Screen' product_basics/the_lcd_screen.dita
2026-09-24 10:15:57,216 [INFO] layers.layer1234_enrichment: L1234 › 'Using Power Saving Settings' product_basics/using_power_saving_settings.dita
2026-09-24 10:15:57,218 [INFO] layers.layer1234_enrichment: L1234 › 'Using the Control Panel' product_basics/using_the_control_panel.dita
2026-09-24 10:15:57,219 [INFO] layers.layer1234_enrichment: L1234 › 'Viewing Animations' product_basics/viewing_animations.dita
2026-09-24 10:15:57,220 [INFO] layers.layer1234_enrichment: L1234 › 'Check Ink Levels' refilling_ink/check_ink_levels.dita
2026-09-24 10:15:57,222 [INFO] layers.layer1234_enrichment: L1234 › 'Checking Ink Levels - Mac' refilling_ink/checking_ink_levels_mac.dita
2026-09-24 10:15:57,223 [INFO] layers.layer1234_enrichment: L1234 › 'Checking Ink Levels on Your Product' refilling_ink/checking_ink_levels_on_your_product.dita
2026-09-24 10:15:57,224 [INFO] layers.layer1234_enrichment: L1234 › 'Checking Ink Levels - Windows' refilling_ink/checking_ink_levels_windows.dita
2026-09-24 10:15:57,225 [INFO] layers.layer1234_enrichment: L1234 › 'Disabling Special Offers with Windows' refilling_ink/disabling_special_offers_with_windows.dita
2026-09-24 10:15:57,226 [INFO] layers.layer1234_enrichment: L1234 › 'Ink Bottle Part Numbers' refilling_ink/ink_bottle_part_numbers.dita
2026-09-24 10:15:57,229 [INFO] layers.layer1234_enrichment: L1234 › 'Ink Safety Precautions' refilling_ink/ink_safety_precautions.dita
2026-09-24 10:15:57,230 [INFO] layers.layer1234_enrichment: L1234 › 'Purchase MetR Ink' refilling_ink/purchase_metr_ink.dita
2026-09-24 10:15:57,231 [INFO] layers.layer1234_enrichment: L1234 › 'Refilling Ink' refilling_ink/refilling_ink.dita
2026-09-24 10:15:57,234 [INFO] layers.layer1234_enrichment: L1234 › 'Refilling the Ink Tanks' refilling_ink/refilling_the_ink_tanks.dita
2026-09-24 10:15:57,508 [INFO] httpx2: HTTP Request: POST https://api.anthropic.com/v1/messages "HTTP/1.1 401 Unauthorized"
2026-09-24 10:15:57,509 [ERROR] layers.layer1234_enrichment: L1234 ✗ error: Error code: 401 - {'type': 'error', 'error': {'type': 'authentication_error', 'message': 'API key is invalid.'}, 'request_id': None}
2026-09-24 10:15:57,509 [WARNING] layers.layer1234_enrichment: L1234 ⊘ fallback 'Adjusting Print Quality'
2026-09-24 10:15:57,515 [INFO] layers.layer1_topic_classifier: L1 ✓ concept→task adjusting_print_quality.dita
2026-09-24 10:15:57,515 [INFO] utils.body_preserver: [BodyPreserver] Successfully merged: DOCTYPE preserved, body preserved, AI enrichment applied
2026-09-24 10:15:57,516 [INFO] layers.layer2_shortdesc_generator: L2 ✓ shortdesc adjusting_print_quality.dita
2026-09-24 10:15:57,517 [INFO] utils.body_preserver: [BodyPreserver] Successfully merged: DOCTYPE preserved, body preserved, AI enrichment applied
2026-09-24 10:15:57,518 [INFO] layers.layer3_keywords_indexterms: L3 ✓ prolog adjusting_print_quality.dita
2026-09-24 10:15:57,518 [INFO] pipeline.enrich_runner: [EnrichPipeline] Enriched 'Adjusting Print Quality' → type=task, confidence=low
2026-09-24 10:15:57,536 [INFO] httpx2: HTTP Request: POST https://api.anthropic.com/v1/messages "HTTP/1.1 401 Unauthorized"
2026-09-24 10:15:57,537 [ERROR] layers.layer1234_enrichment: L1234 ✗ error: Error code: 401 - {'type': 'error', 'error': {'type': 'authentication_error', 'message': 'API key is invalid.'}, 'request_id': None}
2026-09-24 10:15:57,537 [WARNING] layers.layer1234_enrichment: L1234 ⊘ fallback 'Aligning the Print Head Using the Product Control Panel'
2026-09-24 10:15:57,539 [INFO] utils.body_preserver: [BodyPreserver] Successfully merged: DOCTYPE preserved, body preserved, AI enrichment applied
2026-09-24 10:15:57,539 [INFO] layers.layer2_shortdesc_generator: L2 ✓ shortdesc aligning_the_print_head_using_the_product_control_panel.dita
2026-09-24 10:15:57,541 [INFO] utils.body_preserver: [BodyPreserver] Successfully merged: DOCTYPE preserved, body preserved, AI enrichment applied
2026-09-24 10:15:57,541 [INFO] layers.layer3_keywords_indexterms: L3 ✓ prolog aligning_the_print_head_using_the_product_control_panel.dita
2026-09-24 10:15:57,542 [INFO] pipeline.enrich_runner: [EnrichPipeline] Enriched 'Aligning the Print Head Using the Product Control Panel' → type=task, confidence=low
2026-09-24 10:15:57,546 [INFO] httpx2: HTTP Request: POST https://api.anthropic.com/v1/messages "HTTP/1.1 401 Unauthorized"
2026-09-24 10:15:57,546 [ERROR] layers.layer1234_enrichment: L1234 ✗ error: Error code: 401 - {'type': 'error', 'error': {'type': 'authentication_error', 'message': 'API key is invalid.'}, 'request_id': None}
2026-09-24 10:15:57,546 [WARNING] layers.layer1234_enrichment: L1234 ⊘ fallback 'Checking the Number of Sheets Fed'
2026-09-24 10:15:57,547 [INFO] utils.body_preserver: [BodyPreserver] Successfully merged: DOCTYPE preserved, body preserved, AI enrichment applied
2026-09-24 10:15:57,548 [INFO] layers.layer2_shortdesc_generator: L2 ✓ shortdesc checking_the_number_of_sheets_fed.dita
2026-09-24 10:15:57,549 [INFO] utils.body_preserver: [BodyPreserver] Successfully merged: DOCTYPE preserved, body preserved, AI enrichment applied
2026-09-24 10:15:57,549 [INFO] layers.layer3_keywords_indexterms: L3 ✓ prolog checking_the_number_of_sheets_fed.dita
2026-09-24 10:15:57,550 [INFO] pipeline.enrich_runner: [EnrichPipeline] Enriched 'Checking the Number of Sheets Fed' → type=concept, confidence=low
2026-09-24 10:15:57,568 [INFO] httpx2: HTTP Request: POST https://api.anthropic.com/v1/messages "HTTP/1.1 401 Unauthorized"
2026-09-24 10:15:57,569 [ERROR] layers.layer1234_enrichment: L1234 ✗ error: Error code: 401 - {'type': 'error', 'error': {'type': 'authentication_error', 'message': 'API key is invalid.'}, 'request_id': None}
2026-09-24 10:15:57,569 [WARNING] layers.layer1234_enrichment: L1234 ⊘ fallback 'Checking the Nozzles Using the Product Control Panel'
2026-09-24 10:15:57,571 [INFO] layers.layer1_topic_classifier: L1 ✓ task→concept checking_the_nozzles_using_the_product_control_panel.dita
2026-09-24 10:15:57,572 [INFO] utils.body_preserver: [BodyPreserver] Successfully merged: DOCTYPE preserved, body preserved, AI enrichment applied
2026-09-24 10:15:57,572 [INFO] layers.layer2_shortdesc_generator: L2 ✓ shortdesc checking_the_nozzles_using_the_product_control_panel.dita
2026-09-24 10:15:57,574 [INFO] utils.body_preserver: [BodyPreserver] Successfully merged: DOCTYPE preserved, body preserved, AI enrichment applied
2026-09-24 10:15:57,574 [INFO] layers.layer3_keywords_indexterms: L3 ✓ prolog checking_the_nozzles_using_the_product_control_panel.dita
2026-09-24 10:15:57,575 [INFO] pipeline.enrich_runner: [EnrichPipeline] Enriched 'Checking the Nozzles Using the Product Control Panel' → type=concept, confidence=low
2026-09-24 10:15:57,579 [INFO] httpx2: HTTP Request: POST https://api.anthropic.com/v1/messages "HTTP/1.1 401 Unauthorized"
2026-09-24 10:15:57,580 [ERROR] layers.layer1234_enrichment: L1234 ✗ error: Error code: 401 - {'type': 'error', 'error': {'type': 'authentication_error', 'message': 'API key is invalid.'}, 'request_id': None}
2026-09-24 10:15:57,580 [WARNING] layers.layer1234_enrichment: L1234 ⊘ fallback 'Checking the Nozzles Using a Computer Utility'
2026-09-24 10:15:57,583 [INFO] utils.body_preserver: [BodyPreserver] Successfully merged: DOCTYPE preserved, body preserved, AI enrichment applied
2026-09-24 10:15:57,583 [INFO] layers.layer2_shortdesc_generator: L2 ✓ shortdesc checking_the_nozzles_using_a_computer_utility.dita
2026-09-24 10:15:57,585 [INFO] utils.body_preserver: [BodyPreserver] Successfully merged: DOCTYPE preserved, body preserved, AI enrichment applied
2026-09-24 10:15:57,586 [INFO] layers.layer3_keywords_indexterms: L3 ✓ prolog checking_the_nozzles_using_a_computer_utility.dita
2026-09-24 10:15:57,587 [INFO] pipeline.enrich_runner: [EnrichPipeline] Enriched 'Checking the Nozzles Using a Computer Utility' → type=task, confidence=low
2026-09-24 10:15:57,790 [INFO] httpx2: HTTP Request: POST https://api.anthropic.com/v1/messages "HTTP/1.1 401 Unauthorized"
2026-09-24 10:15:57,791 [ERROR] layers.layer1234_enrichment: L1234 ✗ error: Error code: 401 - {'type': 'error', 'error': {'type': 'authentication_error', 'message': 'API key is invalid.'}, 'request_id': None}
2026-09-24 10:15:57,791 [WARNING] layers.layer1234_enrichment: L1234 ⊘ fallback 'Checking the Number of Sheets on the LCD Screen'
2026-09-24 10:15:57,792 [INFO] utils.body_preserver: [BodyPreserver] Successfully merged: DOCTYPE preserved, body preserved, AI enrichment applied
2026-09-24 10:15:57,793 [INFO] layers.layer2_shortdesc_generator: L2 ✓ shortdesc checking_the_number_of_sheets_on_the_lcd_screen.dita
2026-09-24 10:15:57,794 [INFO] utils.body_preserver: [BodyPreserver] Successfully merged: DOCTYPE preserved, body preserved, AI enrichment applied
2026-09-24 10:15:57,795 [INFO] layers.layer3_keywords_indexterms: L3 ✓ prolog checking_the_number_of_sheets_on_the_lcd_screen.dita
2026-09-24 10:15:57,795 [INFO] pipeline.enrich_runner: [EnrichPipeline] Enriched 'Checking the Number of Sheets on the LCD Screen' → type=task, confidence=low
2026-09-24 10:15:57,799 [INFO] httpx2: HTTP Request: POST https://api.anthropic.com/v1/messages "HTTP/1.1 401 Unauthorized"
2026-09-24 10:15:57,800 [ERROR] layers.layer1234_enrichment: L1234 ✗ error: Error code: 401 - {'type': 'error', 'error': {'type': 'authentication_error', 'message': 'API key is invalid.'}, 'request_id': None}
2026-09-24 10:15:57,800 [WARNING] layers.layer1234_enrichment: L1234 ⊘ fallback 'Checking the Sheet Counter - Mac'
2026-09-24 10:15:57,801 [INFO] utils.body_preserver: [BodyPreserver] Successfully merged: DOCTYPE preserved, body preserved, AI enrichment applied
2026-09-24 10:15:57,801 [INFO] layers.layer2_shortdesc_generator: L2 ✓ shortdesc checking_the_sheet_counter_mac.dita
2026-09-24 10:15:57,803 [INFO] utils.body_preserver: [BodyPreserver] Successfully merged: DOCTYPE preserved, body preserved, AI enrichment applied
2026-09-24 10:15:57,803 [INFO] layers.layer3_keywords_indexterms: L3 ✓ prolog checking_the_sheet_counter_mac.dita
2026-09-24 10:15:57,804 [INFO] pipeline.enrich_runner: [EnrichPipeline] Enriched 'Checking the Sheet Counter - Mac' → type=task, confidence=low
2026-09-24 10:15:57,820 [INFO] httpx2: HTTP Request: POST https://api.anthropic.com/v1/messages "HTTP/1.1 401 Unauthorized"
2026-09-24 10:15:57,820 [ERROR] layers.layer1234_enrichment: L1234 ✗ error: Error code: 401 - {'type': 'error', 'error': {'type': 'authentication_error', 'message': 'API key is invalid.'}, 'request_id': None}
2026-09-24 10:15:57,821 [WARNING] layers.layer1234_enrichment: L1234 ⊘ fallback 'Checking the Sheet Counter - Windows'
2026-09-24 10:15:57,822 [INFO] utils.body_preserver: [BodyPreserver] Successfully merged: DOCTYPE preserved, body preserved, AI enrichment applied
2026-09-24 10:15:57,822 [INFO] layers.layer2_shortdesc_generator: L2 ✓ shortdesc checking_the_sheet_counter_windows.dita
2026-09-24 10:15:57,824 [INFO] utils.body_preserver: [BodyPreserver] Successfully merged: DOCTYPE preserved, body preserved, AI enrichment applied
2026-09-24 10:15:57,824 [INFO] layers.layer3_keywords_indexterms: L3 ✓ prolog checking_the_sheet_counter_windows.dita
2026-09-24 10:15:57,825 [INFO] pipeline.enrich_runner: [EnrichPipeline] Enriched 'Checking the Sheet Counter - Windows' → type=task, confidence=low
2026-09-24 10:15:57,839 [INFO] httpx2: HTTP Request: POST https://api.anthropic.com/v1/messages "HTTP/1.1 401 Unauthorized"
2026-09-24 10:15:57,840 [ERROR] layers.layer1234_enrichment: L1234 ✗ error: Error code: 401 - {'type': 'error', 'error': {'type': 'authentication_error', 'message': 'API key is invalid.'}, 'request_id': None}
2026-09-24 10:15:57,840 [WARNING] layers.layer1234_enrichment: L1234 ⊘ fallback 'Cleaning the Paper Guide'
2026-09-24 10:15:57,841 [INFO] utils.body_preserver: [BodyPreserver] Successfully merged: DOCTYPE preserved, body preserved, AI enrichment applied
2026-09-24 10:15:57,842 [INFO] layers.layer2_shortdesc_generator: L2 ✓ shortdesc cleaning_the_paper_guide.dita
2026-09-24 10:15:57,843 [INFO] utils.body_preserver: [BodyPreserver] Successfully merged: DOCTYPE preserved, body preserved, AI enrichment applied
2026-09-24 10:15:57,844 [INFO] layers.layer3_keywords_indexterms: L3 ✓ prolog cleaning_the_paper_guide.dita
2026-09-24 10:15:57,845 [INFO] pipeline.enrich_runner: [EnrichPipeline] Enriched 'Cleaning the Paper Guide' → type=task, confidence=low
2026-09-24 10:15:57,847 [INFO] httpx2: HTTP Request: POST https://api.anthropic.com/v1/messages "HTTP/1.1 401 Unauthorized"
2026-09-24 10:15:57,847 [ERROR] layers.layer1234_enrichment: L1234 ✗ error: Error code: 401 - {'type': 'error', 'error': {'type': 'authentication_error', 'message': 'API key is invalid.'}, 'request_id': None}
2026-09-24 10:15:57,847 [WARNING] layers.layer1234_enrichment: L1234 ⊘ fallback 'Cleaning the Print Head Path'
2026-09-24 10:15:57,849 [INFO] utils.body_preserver: [BodyPreserver] Successfully merged: DOCTYPE preserved, body preserved, AI enrichment applied
2026-09-24 10:15:57,849 [INFO] layers.layer2_shortdesc_generator: L2 ✓ shortdesc cleaning_the_print_head_path.dita
2026-09-24 10:15:57,851 [INFO] utils.body_preserver: [BodyPreserver] Successfully merged: DOCTYPE preserved, body preserved, AI enrichment applied
2026-09-24 10:15:57,851 [INFO] layers.layer3_keywords_indexterms: L3 ✓ prolog cleaning_the_print_head_path.dita
2026-09-24 10:15:57,853 [INFO] pipeline.enrich_runner: [EnrichPipeline] Enriched 'Cleaning the Print Head Path' → type=task, confidence=low
2026-09-24 10:15:58,054 [INFO] httpx2: HTTP Request: POST https://api.anthropic.com/v1/messages "HTTP/1.1 401 Unauthorized"
2026-09-24 10:15:58,055 [ERROR] layers.layer1234_enrichment: L1234 ✗ error: Error code: 401 - {'type': 'error', 'error': {'type': 'authentication_error', 'message': 'API key is invalid.'}, 'request_id': None}
2026-09-24 10:15:58,055 [WARNING] layers.layer1234_enrichment: L1234 ⊘ fallback 'Cleaning the Print Head Using the Product Control Panel'
2026-09-24 10:15:58,057 [INFO] utils.body_preserver: [BodyPreserver] Successfully merged: DOCTYPE preserved, body preserved, AI enrichment applied
2026-09-24 10:15:58,058 [INFO] layers.layer2_shortdesc_generator: L2 ✓ shortdesc cleaning_the_print_head_using_the_product_control_panel.dita
2026-09-24 10:15:58,060 [INFO] utils.body_preserver: [BodyPreserver] Successfully merged: DOCTYPE preserved, body preserved, AI enrichment applied
2026-09-24 10:15:58,061 [INFO] layers.layer3_keywords_indexterms: L3 ✓ prolog cleaning_the_print_head_using_the_product_control_panel.dita
2026-09-24 10:15:58,062 [INFO] pipeline.enrich_runner: [EnrichPipeline] Enriched 'Cleaning the Print Head Using the Product Control Panel' → type=task, confidence=low
2026-09-24 10:15:58,072 [INFO] httpx2: HTTP Request: POST https://api.anthropic.com/v1/messages "HTTP/1.1 401 Unauthorized"
2026-09-24 10:15:58,073 [ERROR] layers.layer1234_enrichment: L1234 ✗ error: Error code: 401 - {'type': 'error', 'error': {'type': 'authentication_error', 'message': 'API key is invalid.'}, 'request_id': None}
2026-09-24 10:15:58,073 [WARNING] layers.layer1234_enrichment: L1234 ⊘ fallback 'Cleaning the Print Head Using a Computer Utility'
2026-09-24 10:15:58,075 [INFO] utils.body_preserver: [BodyPreserver] Successfully merged: DOCTYPE preserved, body preserved, AI enrichment applied
2026-09-24 10:15:58,076 [INFO] layers.layer2_shortdesc_generator: L2 ✓ shortdesc cleaning_the_print_head_using_a_computer_utility.dita
2026-09-24 10:15:58,078 [INFO] utils.body_preserver: [BodyPreserver] Successfully merged: DOCTYPE preserved, body preserved, AI enrichment applied
2026-09-24 10:15:58,079 [INFO] layers.layer3_keywords_indexterms: L3 ✓ prolog cleaning_the_print_head_using_a_computer_utility.dita
2026-09-24 10:15:58,080 [INFO] pipeline.enrich_runner: [EnrichPipeline] Enriched 'Cleaning the Print Head Using a Computer Utility' → type=task, confidence=low
2026-09-24 10:15:58,107 [INFO] httpx2: HTTP Request: POST https://api.anthropic.com/v1/messages "HTTP/1.1 401 Unauthorized"
2026-09-24 10:15:58,108 [ERROR] layers.layer1234_enrichment: L1234 ✗ error: Error code: 401 - {'type': 'error', 'error': {'type': 'authentication_error', 'message': 'API key is invalid.'}, 'request_id': None}
2026-09-24 10:15:58,108 [WARNING] layers.layer1234_enrichment: L1234 ⊘ fallback 'Power Cleaning'
2026-09-24 10:15:58,109 [INFO] layers.layer1_topic_classifier: L1 ✓ concept→task power_cleaning.dita
2026-09-24 10:15:58,110 [INFO] utils.body_preserver: [BodyPreserver] Successfully merged: DOCTYPE preserved, body preserved, AI enrichment applied
2026-09-24 10:15:58,110 [INFO] layers.layer2_shortdesc_generator: L2 ✓ shortdesc power_cleaning.dita
2026-09-24 10:15:58,112 [INFO] utils.body_preserver: [BodyPreserver] Successfully merged: DOCTYPE preserved, body preserved, AI enrichment applied
2026-09-24 10:15:58,112 [INFO] layers.layer3_keywords_indexterms: L3 ✓ prolog power_cleaning.dita
2026-09-24 10:15:58,113 [INFO] pipeline.enrich_runner: [EnrichPipeline] Enriched 'Power Cleaning' → type=task, confidence=low
2026-09-24 10:15:58,117 [INFO] httpx2: HTTP Request: POST https://api.anthropic.com/v1/messages "HTTP/1.1 401 Unauthorized"
2026-09-24 10:15:58,118 [ERROR] layers.layer1234_enrichment: L1234 ✗ error: Error code: 401 - {'type': 'error', 'error': {'type': 'authentication_error', 'message': 'API key is invalid.'}, 'request_id': None}
2026-09-24 10:15:58,118 [WARNING] layers.layer1234_enrichment: L1234 ⊘ fallback 'Power Cleaning Using the Product Control Panel'
2026-09-24 10:15:58,119 [INFO] utils.body_preserver: [BodyPreserver] Successfully merged: DOCTYPE preserved, body preserved, AI enrichment applied
2026-09-24 10:15:58,120 [INFO] layers.layer2_shortdesc_generator: L2 ✓ shortdesc power_cleaning_using_the_product_control_panel.dita
2026-09-24 10:15:58,121 [INFO] utils.body_preserver: [BodyPreserver] Successfully merged: DOCTYPE preserved, body preserved, AI enrichment applied
2026-09-24 10:15:58,122 [INFO] layers.layer3_keywords_indexterms: L3 ✓ prolog power_cleaning_using_the_product_control_panel.dita
2026-09-24 10:15:58,123 [INFO] pipeline.enrich_runner: [EnrichPipeline] Enriched 'Power Cleaning Using the Product Control Panel' → type=task, confidence=low
2026-09-24 10:15:58,125 [INFO] httpx2: HTTP Request: POST https://api.anthropic.com/v1/messages "HTTP/1.1 401 Unauthorized"
2026-09-24 10:15:58,126 [ERROR] layers.layer1234_enrichment: L1234 ✗ error: Error code: 401 - {'type': 'error', 'error': {'type': 'authentication_error', 'message': 'API key is invalid.'}, 'request_id': None}
2026-09-24 10:15:58,126 [WARNING] layers.layer1234_enrichment: L1234 ⊘ fallback 'Power Cleaning Using a Computer Utility'
2026-09-24 10:15:58,127 [INFO] utils.body_preserver: [BodyPreserver] Successfully merged: DOCTYPE preserved, body preserved, AI enrichment applied
2026-09-24 10:15:58,128 [INFO] layers.layer2_shortdesc_generator: L2 ✓ shortdesc power_cleaning_using_a_computer_utility.dita
2026-09-24 10:15:58,129 [INFO] utils.body_preserver: [BodyPreserver] Successfully merged: DOCTYPE preserved, body preserved, AI enrichment applied
2026-09-24 10:15:58,129 [INFO] layers.layer3_keywords_indexterms: L3 ✓ prolog power_cleaning_using_a_computer_utility.dita
2026-09-24 10:15:58,131 [INFO] pipeline.enrich_runner: [EnrichPipeline] Enriched 'Power Cleaning Using a Computer Utility' → type=task, confidence=low
2026-09-24 10:15:58,317 [INFO] httpx2: HTTP Request: POST https://api.anthropic.com/v1/messages "HTTP/1.1 401 Unauthorized"
2026-09-24 10:15:58,318 [ERROR] layers.layer1234_enrichment: L1234 ✗ error: Error code: 401 - {'type': 'error', 'error': {'type': 'authentication_error', 'message': 'API key is invalid.'}, 'request_id': None}
2026-09-24 10:15:58,318 [WARNING] layers.layer1234_enrichment: L1234 ⊘ fallback 'Print Head Alignment'
2026-09-24 10:15:58,319 [INFO] layers.layer1_topic_classifier: L1 ✓ concept→topic print_head_alignment.dita
2026-09-24 10:15:58,320 [INFO] utils.body_preserver: [BodyPreserver] Successfully merged: DOCTYPE preserved, body preserved, AI enrichment applied
2026-09-24 10:15:58,320 [INFO] layers.layer2_shortdesc_generator: L2 ✓ shortdesc print_head_alignment.dita
2026-09-24 10:15:58,322 [INFO] utils.body_preserver: [BodyPreserver] Successfully merged: DOCTYPE preserved, body preserved, AI enrichment applied
2026-09-24 10:15:58,322 [INFO] layers.layer3_keywords_indexterms: L3 ✓ prolog print_head_alignment.dita
2026-09-24 10:15:58,324 [INFO] pipeline.enrich_runner: [EnrichPipeline] Enriched 'Print Head Alignment' → type=topic, confidence=low
2026-09-24 10:15:58,363 [INFO] httpx2: HTTP Request: POST https://api.anthropic.com/v1/messages "HTTP/1.1 401 Unauthorized"
2026-09-24 10:15:58,363 [ERROR] layers.layer1234_enrichment: L1234 ✗ error: Error code: 401 - {'type': 'error', 'error': {'type': 'authentication_error', 'message': 'API key is invalid.'}, 'request_id': None}
2026-09-24 10:15:58,364 [WARNING] layers.layer1234_enrichment: L1234 ⊘ fallback 'Print Head Cleaning'
2026-09-24 10:15:58,365 [INFO] utils.body_preserver: [BodyPreserver] Successfully merged: DOCTYPE preserved, body preserved, AI enrichment applied
2026-09-24 10:15:58,365 [INFO] layers.layer2_shortdesc_generator: L2 ✓ shortdesc print_head_cleaning.dita
2026-09-24 10:15:58,367 [INFO] utils.body_preserver: [BodyPreserver] Successfully merged: DOCTYPE preserved, body preserved, AI enrichment applied
2026-09-24 10:15:58,367 [INFO] layers.layer3_keywords_indexterms: L3 ✓ prolog print_head_cleaning.dita
2026-09-24 10:15:58,368 [INFO] pipeline.enrich_runner: [EnrichPipeline] Enriched 'Print Head Cleaning' → type=concept, confidence=low
2026-09-24 10:15:58,374 [INFO] httpx2: HTTP Request: POST https://api.anthropic.com/v1/messages "HTTP/1.1 401 Unauthorized"
2026-09-24 10:15:58,374 [ERROR] layers.layer1234_enrichment: L1234 ✗ error: Error code: 401 - {'type': 'error', 'error': {'type': 'authentication_error', 'message': 'API key is invalid.'}, 'request_id': None}
2026-09-24 10:15:58,375 [WARNING] layers.layer1234_enrichment: L1234 ⊘ fallback 'Print Head Maintenance'
2026-09-24 10:15:58,376 [INFO] layers.layer1_topic_classifier: L1 ✓ concept→task print_head_maintenance.dita
2026-09-24 10:15:58,376 [INFO] utils.body_preserver: [BodyPreserver] Successfully merged: DOCTYPE preserved, body preserved, AI enrichment applied
2026-09-24 10:15:58,377 [INFO] layers.layer2_shortdesc_generator: L2 ✓ shortdesc print_head_maintenance.dita
2026-09-24 10:15:58,379 [INFO] utils.body_preserver: [BodyPreserver] Successfully merged: DOCTYPE preserved, body preserved, AI enrichment applied
2026-09-24 10:15:58,379 [INFO] layers.layer3_keywords_indexterms: L3 ✓ prolog print_head_maintenance.dita
2026-09-24 10:15:58,380 [INFO] pipeline.enrich_runner: [EnrichPipeline] Enriched 'Print Head Maintenance' → type=task, confidence=low
2026-09-24 10:15:58,391 [INFO] httpx2: HTTP Request: POST https://api.anthropic.com/v1/messages "HTTP/1.1 401 Unauthorized"
2026-09-24 10:15:58,391 [ERROR] layers.layer1234_enrichment: L1234 ✗ error: Error code: 401 - {'type': 'error', 'error': {'type': 'authentication_error', 'message': 'API key is invalid.'}, 'request_id': None}
2026-09-24 10:15:58,392 [WARNING] layers.layer1234_enrichment: L1234 ⊘ fallback 'Print Head Nozzle Check'
2026-09-24 10:15:58,393 [INFO] layers.layer1_topic_classifier: L1 ✓ concept→topic print_head_nozzle_check.dita
2026-09-24 10:15:58,393 [INFO] utils.body_preserver: [BodyPreserver] Successfully merged: DOCTYPE preserved, body preserved, AI enrichment applied
2026-09-24 10:15:58,394 [INFO] layers.layer2_shortdesc_generator: L2 ✓ shortdesc print_head_nozzle_check.dita
2026-09-24 10:15:58,395 [INFO] utils.body_preserver: [BodyPreserver] Successfully merged: DOCTYPE preserved, body preserved, AI enrichment applied
2026-09-24 10:15:58,395 [INFO] layers.layer3_keywords_indexterms: L3 ✓ prolog print_head_nozzle_check.dita
2026-09-24 10:15:58,397 [INFO] pipeline.enrich_runner: [EnrichPipeline] Enriched 'Print Head Nozzle Check' → type=topic, confidence=low
2026-09-24 10:15:58,409 [INFO] httpx2: HTTP Request: POST https://api.anthropic.com/v1/messages "HTTP/1.1 401 Unauthorized"
2026-09-24 10:15:58,409 [ERROR] layers.layer1234_enrichment: L1234 ✗ error: Error code: 401 - {'type': 'error', 'error': {'type': 'authentication_error', 'message': 'API key is invalid.'}, 'request_id': None}
2026-09-24 10:15:58,409 [WARNING] layers.layer1234_enrichment: L1234 ⊘ fallback 'Cleaning and Transporting Your Product'
2026-09-24 10:15:58,411 [INFO] layers.layer1_topic_classifier: L1 ✓ concept→topic cleaning_and_transporting_your_product.dita
2026-09-24 10:15:58,411 [INFO] utils.body_preserver: [BodyPreserver] Successfully merged: DOCTYPE preserved, body preserved, AI enrichment applied
2026-09-24 10:15:58,412 [INFO] layers.layer2_shortdesc_generator: L2 ✓ shortdesc cleaning_and_transporting_your_product.dita
2026-09-24 10:15:58,413 [INFO] utils.body_preserver: [BodyPreserver] Successfully merged: DOCTYPE preserved, body preserved, AI enrichment applied
2026-09-24 10:15:58,413 [INFO] layers.layer3_keywords_indexterms: L3 ✓ prolog cleaning_and_transporting_your_product.dita
2026-09-24 10:15:58,415 [INFO] pipeline.enrich_runner: [EnrichPipeline] Enriched 'Cleaning and Transporting Your Product' → type=topic, confidence=low
2026-09-24 10:15:58,572 [INFO] httpx2: HTTP Request: POST https://api.anthropic.com/v1/messages "HTTP/1.1 401 Unauthorized"
2026-09-24 10:15:58,572 [ERROR] layers.layer1234_enrichment: L1234 ✗ error: Error code: 401 - {'type': 'error', 'error': {'type': 'authentication_error', 'message': 'API key is invalid.'}, 'request_id': None}
2026-09-24 10:15:58,573 [WARNING] layers.layer1234_enrichment: L1234 ⊘ fallback 'Cleaning Your Product'
2026-09-24 10:15:58,574 [INFO] utils.body_preserver: [BodyPreserver] Successfully merged: DOCTYPE preserved, body preserved, AI enrichment applied
2026-09-24 10:15:58,574 [INFO] layers.layer2_shortdesc_generator: L2 ✓ shortdesc cleaning_your_product.dita
2026-09-24 10:15:58,576 [INFO] utils.body_preserver: [BodyPreserver] Successfully merged: DOCTYPE preserved, body preserved, AI enrichment applied
2026-09-24 10:15:58,576 [INFO] layers.layer3_keywords_indexterms: L3 ✓ prolog cleaning_your_product.dita
2026-09-24 10:15:58,578 [INFO] pipeline.enrich_runner: [EnrichPipeline] Enriched 'Cleaning Your Product' → type=task, confidence=low
2026-09-24 10:15:58,652 [INFO] httpx2: HTTP Request: POST https://api.anthropic.com/v1/messages "HTTP/1.1 401 Unauthorized"
2026-09-24 10:15:58,653 [ERROR] layers.layer1234_enrichment: L1234 ✗ error: Error code: 401 - {'type': 'error', 'error': {'type': 'authentication_error', 'message': 'API key is invalid.'}, 'request_id': None}
2026-09-24 10:15:58,653 [WARNING] layers.layer1234_enrichment: L1234 ⊘ fallback 'Copying'
2026-09-24 10:15:58,654 [INFO] layers.layer1_topic_classifier: L1 ✓ concept→topic copying.dita
2026-09-24 10:15:58,655 [INFO] utils.body_preserver: [BodyPreserver] Successfully merged: DOCTYPE preserved, body preserved, AI enrichment applied
2026-09-24 10:15:58,655 [INFO] layers.layer2_shortdesc_generator: L2 ✓ shortdesc copying.dita
2026-09-24 10:15:58,657 [INFO] utils.body_preserver: [BodyPreserver] Successfully merged: DOCTYPE preserved, body preserved, AI enrichment applied
2026-09-24 10:15:58,657 [INFO] layers.layer3_keywords_indexterms: L3 ✓ prolog copying.dita
2026-09-24 10:15:58,658 [INFO] pipeline.enrich_runner: [EnrichPipeline] Enriched 'Copying' → type=topic, confidence=low
2026-09-24 10:15:58,660 [INFO] httpx2: HTTP Request: POST https://api.anthropic.com/v1/messages "HTTP/1.1 401 Unauthorized"
2026-09-24 10:15:58,661 [ERROR] layers.layer1234_enrichment: L1234 ✗ error: Error code: 401 - {'type': 'error', 'error': {'type': 'authentication_error', 'message': 'API key is invalid.'}, 'request_id': None}
2026-09-24 10:15:58,661 [WARNING] layers.layer1234_enrichment: L1234 ⊘ fallback 'Transporting Your Product'
2026-09-24 10:15:58,663 [INFO] utils.body_preserver: [BodyPreserver] Successfully merged: DOCTYPE preserved, body preserved, AI enrichment applied
2026-09-24 10:15:58,663 [INFO] layers.layer2_shortdesc_generator: L2 ✓ shortdesc transporting_your_product.dita
2026-09-24 10:15:58,665 [INFO] utils.body_preserver: [BodyPreserver] Successfully merged: DOCTYPE preserved, body preserved, AI enrichment applied
2026-09-24 10:15:58,665 [INFO] layers.layer3_keywords_indexterms: L3 ✓ prolog transporting_your_product.dita
2026-09-24 10:15:58,667 [INFO] pipeline.enrich_runner: [EnrichPipeline] Enriched 'Transporting Your Product' → type=task, confidence=low
2026-09-24 10:15:58,668 [INFO] httpx2: HTTP Request: POST https://api.anthropic.com/v1/messages "HTTP/1.1 401 Unauthorized"
2026-09-24 10:15:58,668 [ERROR] layers.layer1234_enrichment: L1234 ✗ error: Error code: 401 - {'type': 'error', 'error': {'type': 'authentication_error', 'message': 'API key is invalid.'}, 'request_id': None}
2026-09-24 10:15:58,669 [WARNING] layers.layer1234_enrichment: L1234 ⊘ fallback 'Copyright Notice'
2026-09-24 10:15:58,670 [INFO] utils.body_preserver: [BodyPreserver] Successfully merged: DOCTYPE preserved, body preserved, AI enrichment applied
2026-09-24 10:15:58,670 [INFO] layers.layer2_shortdesc_generator: L2 ✓ shortdesc copyright_notice.dita
2026-09-24 10:15:58,671 [INFO] utils.body_preserver: [BodyPreserver] Successfully merged: DOCTYPE preserved, body preserved, AI enrichment applied
2026-09-24 10:15:58,672 [INFO] layers.layer3_keywords_indexterms: L3 ✓ prolog copyright_notice.dita
2026-09-24 10:15:58,673 [INFO] pipeline.enrich_runner: [EnrichPipeline] Enriched 'Copyright Notice' → type=concept, confidence=low
2026-09-24 10:15:58,682 [INFO] httpx2: HTTP Request: POST https://api.anthropic.com/v1/messages "HTTP/1.1 401 Unauthorized"
2026-09-24 10:15:58,683 [ERROR] layers.layer1234_enrichment: L1234 ✗ error: Error code: 401 - {'type': 'error', 'error': {'type': 'authentication_error', 'message': 'API key is invalid.'}, 'request_id': None}
2026-09-24 10:15:58,683 [WARNING] layers.layer1234_enrichment: L1234 ⊘ fallback 'Copying Documents or Photos'
2026-09-24 10:15:58,685 [INFO] utils.body_preserver: [BodyPreserver] Successfully merged: DOCTYPE preserved, body preserved, AI enrichment applied
2026-09-24 10:15:58,685 [INFO] layers.layer2_shortdesc_generator: L2 ✓ shortdesc copying_documents_or_photos.dita
2026-09-24 10:15:58,687 [INFO] utils.body_preserver: [BodyPreserver] Successfully merged: DOCTYPE preserved, body preserved, AI enrichment applied
2026-09-24 10:15:58,687 [INFO] layers.layer3_keywords_indexterms: L3 ✓ prolog copying_documents_or_photos.dita
2026-09-24 10:15:58,689 [INFO] pipeline.enrich_runner: [EnrichPipeline] Enriched 'Copying Documents or Photos' → type=task, confidence=low
2026-09-24 10:15:58,830 [INFO] httpx2: HTTP Request: POST https://api.anthropic.com/v1/messages "HTTP/1.1 401 Unauthorized"
2026-09-24 10:15:58,831 [ERROR] layers.layer1234_enrichment: L1234 ✗ error: Error code: 401 - {'type': 'error', 'error': {'type': 'authentication_error', 'message': 'API key is invalid.'}, 'request_id': None}
2026-09-24 10:15:58,831 [WARNING] layers.layer1234_enrichment: L1234 ⊘ fallback 'Copying Options'
2026-09-24 10:15:58,833 [INFO] layers.layer1_topic_classifier: L1 ✓ reference→task copying_options.dita
2026-09-24 10:15:58,834 [INFO] utils.body_preserver: [BodyPreserver] Successfully merged: DOCTYPE preserved, body preserved, AI enrichment applied
2026-09-24 10:15:58,834 [INFO] layers.layer2_shortdesc_generator: L2 ✓ shortdesc copying_options.dita
2026-09-24 10:15:58,836 [INFO] utils.body_preserver: [BodyPreserver] Successfully merged: DOCTYPE preserved, body preserved, AI enrichment applied
2026-09-24 10:15:58,836 [INFO] layers.layer3_keywords_indexterms: L3 ✓ prolog copying_options.dita
2026-09-24 10:15:58,838 [INFO] pipeline.enrich_runner: [EnrichPipeline] Enriched 'Copying Options' → type=task, confidence=low
2026-09-24 10:15:58,939 [INFO] httpx2: HTTP Request: POST https://api.anthropic.com/v1/messages "HTTP/1.1 401 Unauthorized"
2026-09-24 10:15:58,939 [ERROR] layers.layer1234_enrichment: L1234 ✗ error: Error code: 401 - {'type': 'error', 'error': {'type': 'authentication_error', 'message': 'API key is invalid.'}, 'request_id': None}
2026-09-24 10:15:58,940 [WARNING] layers.layer1234_enrichment: L1234 ⊘ fallback 'Borderless Paper Type Compatibility'
2026-09-24 10:15:58,941 [INFO] utils.body_preserver: [BodyPreserver] Successfully merged: DOCTYPE preserved, body preserved, AI enrichment applied
2026-09-24 10:15:58,941 [INFO] layers.layer2_shortdesc_generator: L2 ✓ shortdesc borderless_paper_type_compatibility.dita
2026-09-24 10:15:58,943 [INFO] utils.body_preserver: [BodyPreserver] Successfully merged: DOCTYPE preserved, body preserved, AI enrichment applied
2026-09-24 10:15:58,943 [INFO] layers.layer3_keywords_indexterms: L3 ✓ prolog borderless_paper_type_compatibility.dita
2026-09-24 10:15:58,945 [INFO] pipeline.enrich_runner: [EnrichPipeline] Enriched 'Borderless Paper Type Compatibility' → type=concept, confidence=low
2026-09-24 10:15:58,947 [INFO] httpx2: HTTP Request: POST https://api.anthropic.com/v1/messages "HTTP/1.1 401 Unauthorized"
2026-09-24 10:15:58,948 [ERROR] layers.layer1234_enrichment: L1234 ✗ error: Error code: 401 - {'type': 'error', 'error': {'type': 'authentication_error', 'message': 'API key is invalid.'}, 'request_id': None}
2026-09-24 10:15:58,948 [WARNING] layers.layer1234_enrichment: L1234 ⊘ fallback 'Compatible MetR Papers'
2026-09-24 10:15:58,950 [INFO] layers.layer1_topic_classifier: L1 ✓ reference→concept compatible_metr_papers.dita
2026-09-24 10:15:58,951 [INFO] utils.body_preserver: [BodyPreserver] Successfully merged: DOCTYPE preserved, body preserved, AI enrichment applied
2026-09-24 10:15:58,951 [INFO] layers.layer2_shortdesc_generator: L2 ✓ shortdesc compatible_metr_papers.dita
2026-09-24 10:15:58,953 [INFO] utils.body_preserver: [BodyPreserver] Successfully merged: DOCTYPE preserved, body preserved, AI enrichment applied
2026-09-24 10:15:58,954 [INFO] layers.layer3_keywords_indexterms: L3 ✓ prolog compatible_metr_papers.dita
2026-09-24 10:15:58,956 [INFO] pipeline.enrich_runner: [EnrichPipeline] Enriched 'Compatible MetR Papers' → type=concept, confidence=low
2026-09-24 10:15:58,956 [INFO] httpx2: HTTP Request: POST https://api.anthropic.com/v1/messages "HTTP/1.1 401 Unauthorized"
2026-09-24 10:15:58,957 [ERROR] layers.layer1234_enrichment: L1234 ✗ error: Error code: 401 - {'type': 'error', 'error': {'type': 'authentication_error', 'message': 'API key is invalid.'}, 'request_id': None}
2026-09-24 10:15:58,957 [WARNING] layers.layer1234_enrichment: L1234 ⊘ fallback 'Double-sided Printing Capacity'
2026-09-24 10:15:58,959 [INFO] utils.body_preserver: [BodyPreserver] Successfully merged: DOCTYPE preserved, body preserved, AI enrichment applied
2026-09-24 10:15:58,959 [INFO] layers.layer2_shortdesc_generator: L2 ✓ shortdesc double_sided_printing_capacity.dita
2026-09-24 10:15:58,961 [INFO] utils.body_preserver: [BodyPreserver] Successfully merged: DOCTYPE preserved, body preserved, AI enrichment applied
2026-09-24 10:15:58,962 [INFO] layers.layer3_keywords_indexterms: L3 ✓ prolog double_sided_printing_capacity.dita
2026-09-24 10:15:58,964 [INFO] pipeline.enrich_runner: [EnrichPipeline] Enriched 'Double-sided Printing Capacity' → type=concept, confidence=low
2026-09-24 10:15:58,968 [INFO] httpx2: HTTP Request: POST https://api.anthropic.com/v1/messages "HTTP/1.1 401 Unauthorized"
2026-09-24 10:15:58,969 [ERROR] layers.layer1234_enrichment: L1234 ✗ error: Error code: 401 - {'type': 'error', 'error': {'type': 'authentication_error', 'message': 'API key is invalid.'}, 'request_id': None}
2026-09-24 10:15:58,969 [WARNING] layers.layer1234_enrichment: L1234 ⊘ fallback 'Loading Paper'
2026-09-24 10:15:58,970 [INFO] layers.layer1_topic_classifier: L1 ✓ concept→topic loading_paper.dita
2026-09-24 10:15:58,970 [INFO] utils.body_preserver: [BodyPreserver] Successfully merged: DOCTYPE preserved, body preserved, AI enrichment applied
2026-09-24 10:15:58,971 [INFO] layers.layer2_shortdesc_generator: L2 ✓ shortdesc loading_paper.dita
2026-09-24 10:15:58,973 [INFO] utils.body_preserver: [BodyPreserver] Successfully merged: DOCTYPE preserved, body preserved, AI enrichment applied
2026-09-24 10:15:58,973 [INFO] layers.layer3_keywords_indexterms: L3 ✓ prolog loading_paper.dita
2026-09-24 10:15:58,975 [INFO] pipeline.enrich_runner: [EnrichPipeline] Enriched 'Loading Paper' → type=topic, confidence=low
2026-09-24 10:15:59,101 [INFO] httpx2: HTTP Request: POST https://api.anthropic.com/v1/messages "HTTP/1.1 401 Unauthorized"
2026-09-24 10:15:59,102 [ERROR] layers.layer1234_enrichment: L1234 ✗ error: Error code: 401 - {'type': 'error', 'error': {'type': 'authentication_error', 'message': 'API key is invalid.'}, 'request_id': None}
2026-09-24 10:15:59,102 [WARNING] layers.layer1234_enrichment: L1234 ⊘ fallback 'Loading Paper in the Rear Paper Feeder'
2026-09-24 10:15:59,105 [INFO] layers.layer1_topic_classifier: L1 ✓ task→concept loading_paper_in_the_rear_paper_feeder.dita
2026-09-24 10:15:59,105 [INFO] utils.body_preserver: [BodyPreserver] Successfully merged: DOCTYPE preserved, body preserved, AI enrichment applied
2026-09-24 10:15:59,106 [INFO] layers.layer2_shortdesc_generator: L2 ✓ shortdesc loading_paper_in_the_rear_paper_feeder.dita
2026-09-24 10:15:59,107 [INFO] utils.body_preserver: [BodyPreserver] Successfully merged: DOCTYPE preserved, body preserved, AI enrichment applied
2026-09-24 10:15:59,108 [INFO] layers.layer3_keywords_indexterms: L3 ✓ prolog loading_paper_in_the_rear_paper_feeder.dita
2026-09-24 10:15:59,111 [INFO] pipeline.enrich_runner: [EnrichPipeline] Enriched 'Loading Paper in the Rear Paper Feeder' → type=concept, confidence=low
2026-09-24 10:15:59,226 [INFO] httpx2: HTTP Request: POST https://api.anthropic.com/v1/messages "HTTP/1.1 401 Unauthorized"
2026-09-24 10:15:59,227 [ERROR] layers.layer1234_enrichment: L1234 ✗ error: Error code: 401 - {'type': 'error', 'error': {'type': 'authentication_error', 'message': 'API key is invalid.'}, 'request_id': None}
2026-09-24 10:15:59,227 [WARNING] layers.layer1234_enrichment: L1234 ⊘ fallback 'Paper Loading Capacity'
2026-09-24 10:15:59,228 [INFO] layers.layer1_topic_classifier: L1 ✓ reference→concept paper_loading_capacity.dita
2026-09-24 10:15:59,229 [INFO] utils.body_preserver: [BodyPreserver] Successfully merged: DOCTYPE preserved, body preserved, AI enrichment applied
2026-09-24 10:15:59,229 [INFO] layers.layer2_shortdesc_generator: L2 ✓ shortdesc paper_loading_capacity.dita
2026-09-24 10:15:59,231 [INFO] utils.body_preserver: [BodyPreserver] Successfully merged: DOCTYPE preserved, body preserved, AI enrichment applied
2026-09-24 10:15:59,231 [INFO] layers.layer3_keywords_indexterms: L3 ✓ prolog paper_loading_capacity.dita
2026-09-24 10:15:59,234 [INFO] pipeline.enrich_runner: [EnrichPipeline] Enriched 'Paper Loading Capacity' → type=concept, confidence=low
2026-09-24 10:15:59,236 [INFO] httpx2: HTTP Request: POST https://api.anthropic.com/v1/messages "HTTP/1.1 401 Unauthorized"
2026-09-24 10:15:59,236 [ERROR] layers.layer1234_enrichment: L1234 ✗ error: Error code: 401 - {'type': 'error', 'error': {'type': 'authentication_error', 'message': 'API key is invalid.'}, 'request_id': None}
2026-09-24 10:15:59,236 [WARNING] layers.layer1234_enrichment: L1234 ⊘ fallback 'Paper or Media Type Settings - Printing Software'
2026-09-24 10:15:59,238 [INFO] layers.layer1_topic_classifier: L1 ✓ reference→task paper_or_media_type_settings_printing_software.dita
2026-09-24 10:15:59,239 [INFO] utils.body_preserver: [BodyPreserver] Successfully merged: DOCTYPE preserved, body preserved, AI enrichment applied
2026-09-24 10:15:59,239 [INFO] layers.layer2_shortdesc_generator: L2 ✓ shortdesc paper_or_media_type_settings_printing_software.dita
2026-09-24 10:15:59,241 [INFO] utils.body_preserver: [BodyPreserver] Successfully merged: DOCTYPE preserved, body preserved, AI enrichment applied
2026-09-24 10:15:59,241 [INFO] layers.layer3_keywords_indexterms: L3 ✓ prolog paper_or_media_type_settings_printing_software.dita
2026-09-24 10:15:59,243 [INFO] pipeline.enrich_runner: [EnrichPipeline] Enriched 'Paper or Media Type Settings - Printing Software' → type=task, confidence=low
2026-09-24 10:15:59,252 [INFO] httpx2: HTTP Request: POST https://api.anthropic.com/v1/messages "HTTP/1.1 401 Unauthorized"
2026-09-24 10:15:59,252 [ERROR] layers.layer1234_enrichment: L1234 ✗ error: Error code: 401 - {'type': 'error', 'error': {'type': 'authentication_error', 'message': 'API key is invalid.'}, 'request_id': None}
2026-09-24 10:15:59,252 [WARNING] layers.layer1234_enrichment: L1234 ⊘ fallback 'Paper or Media Type Settings - Control Panel'
2026-09-24 10:15:59,254 [INFO] layers.layer1_topic_classifier: L1 ✓ reference→task paper_or_media_type_settings_control_panel.dita
2026-09-24 10:15:59,255 [INFO] utils.body_preserver: [BodyPreserver] Successfully merged: DOCTYPE preserved, body preserved, AI enrichment applied
2026-09-24 10:15:59,255 [INFO] layers.layer2_shortdesc_generator: L2 ✓ shortdesc paper_or_media_type_settings_control_panel.dita
2026-09-24 10:15:59,257 [INFO] utils.body_preserver: [BodyPreserver] Successfully merged: DOCTYPE preserved, body preserved, AI enrichment applied
2026-09-24 10:15:59,257 [INFO] layers.layer3_keywords_indexterms: L3 ✓ prolog paper_or_media_type_settings_control_panel.dita
2026-09-24 10:15:59,259 [INFO] pipeline.enrich_runner: [EnrichPipeline] Enriched 'Paper or Media Type Settings - Control Panel' → type=task, confidence=low
2026-09-24 10:15:59,261 [INFO] httpx2: HTTP Request: POST https://api.anthropic.com/v1/messages "HTTP/1.1 401 Unauthorized"
2026-09-24 10:15:59,262 [ERROR] layers.layer1234_enrichment: L1234 ✗ error: Error code: 401 - {'type': 'error', 'error': {'type': 'authentication_error', 'message': 'API key is invalid.'}, 'request_id': None}
2026-09-24 10:15:59,262 [WARNING] layers.layer1234_enrichment: L1234 ⊘ fallback 'Paper Source Settings Options'
2026-09-24 10:15:59,264 [INFO] layers.layer1_topic_classifier: L1 ✓ reference→task paper_source_settings_options.dita
2026-09-24 10:15:59,264 [INFO] utils.body_preserver: [BodyPreserver] Successfully merged: DOCTYPE preserved, body preserved, AI enrichment applied
2026-09-24 10:15:59,264 [INFO] layers.layer2_shortdesc_generator: L2 ✓ shortdesc paper_source_settings_options.dita
2026-09-24 10:15:59,266 [INFO] utils.body_preserver: [BodyPreserver] Successfully merged: DOCTYPE preserved, body preserved, AI enrichment applied
2026-09-24 10:15:59,266 [INFO] layers.layer3_keywords_indexterms: L3 ✓ prolog paper_source_settings_options.dita
2026-09-24 10:15:59,269 [INFO] pipeline.enrich_runner: [EnrichPipeline] Enriched 'Paper Source Settings Options' → type=task, confidence=low
2026-09-24 10:15:59,357 [INFO] httpx2: HTTP Request: POST https://api.anthropic.com/v1/messages "HTTP/1.1 401 Unauthorized"
2026-09-24 10:15:59,358 [ERROR] layers.layer1234_enrichment: L1234 ✗ error: Error code: 401 - {'type': 'error', 'error': {'type': 'authentication_error', 'message': 'API key is invalid.'}, 'request_id': None}
2026-09-24 10:15:59,358 [WARNING] layers.layer1234_enrichment: L1234 ⊘ fallback 'Selecting the Default Paper Source Settings'
2026-09-24 10:15:59,359 [INFO] utils.body_preserver: [BodyPreserver] Successfully merged: DOCTYPE preserved, body preserved, AI enrichment applied
2026-09-24 10:15:59,360 [INFO] layers.layer2_shortdesc_generator: L2 ✓ shortdesc selecting_the_default_paper_source_settings.dita
2026-09-24 10:15:59,361 [INFO] utils.body_preserver: [BodyPreserver] Successfully merged: DOCTYPE preserved, body preserved, AI enrichment applied
2026-09-24 10:15:59,362 [INFO] layers.layer3_keywords_indexterms: L3 ✓ prolog selecting_the_default_paper_source_settings.dita
2026-09-24 10:15:59,364 [INFO] pipeline.enrich_runner: [EnrichPipeline] Enriched 'Selecting the Default Paper Source Settings' → type=task, confidence=low
2026-09-24 10:15:59,501 [INFO] httpx2: HTTP Request: POST https://api.anthropic.com/v1/messages "HTTP/1.1 401 Unauthorized"
2026-09-24 10:15:59,502 [ERROR] layers.layer1234_enrichment: L1234 ✗ error: Error code: 401 - {'type': 'error', 'error': {'type': 'authentication_error', 'message': 'API key is invalid.'}, 'request_id': None}
2026-09-24 10:15:59,505 [WARNING] layers.layer1234_enrichment: L1234 ⊘ fallback 'Placing Originals on the Product'
2026-09-24 10:15:59,506 [INFO] layers.layer1_topic_classifier: L1 ✓ concept→topic placing_originals_on_the_product.dita
2026-09-24 10:15:59,506 [INFO] utils.body_preserver: [BodyPreserver] Successfully merged: DOCTYPE preserved, body preserved, AI enrichment applied
2026-09-24 10:15:59,507 [INFO] layers.layer2_shortdesc_generator: L2 ✓ shortdesc placing_originals_on_the_product.dita
2026-09-24 10:15:59,508 [INFO] utils.body_preserver: [BodyPreserver] Successfully merged: DOCTYPE preserved, body preserved, AI enrichment applied
2026-09-24 10:15:59,509 [INFO] layers.layer3_keywords_indexterms: L3 ✓ prolog placing_originals_on_the_product.dita
2026-09-24 10:15:59,511 [INFO] pipeline.enrich_runner: [EnrichPipeline] Enriched 'Placing Originals on the Product' → type=topic, confidence=low
2026-09-24 10:15:59,515 [INFO] httpx2: HTTP Request: POST https://api.anthropic.com/v1/messages "HTTP/1.1 401 Unauthorized"
2026-09-24 10:15:59,515 [ERROR] layers.layer1234_enrichment: L1234 ✗ error: Error code: 401 - {'type': 'error', 'error': {'type': 'authentication_error', 'message': 'API key is invalid.'}, 'request_id': None}
2026-09-24 10:15:59,515 [WARNING] layers.layer1234_enrichment: L1234 ⊘ fallback 'Selecting the Paper Settings - Control Panel'
2026-09-24 10:15:59,517 [INFO] utils.body_preserver: [BodyPreserver] Successfully merged: DOCTYPE preserved, body preserved, AI enrichment applied
2026-09-24 10:15:59,517 [INFO] layers.layer2_shortdesc_generator: L2 ✓ shortdesc selecting_the_paper_settings_control_panel.dita
2026-09-24 10:15:59,519 [INFO] utils.body_preserver: [BodyPreserver] Successfully merged: DOCTYPE preserved, body preserved, AI enrichment applied
2026-09-24 10:15:59,519 [INFO] layers.layer3_keywords_indexterms: L3 ✓ prolog selecting_the_paper_settings_control_panel.dita
2026-09-24 10:15:59,521 [INFO] pipeline.enrich_runner: [EnrichPipeline] Enriched 'Selecting the Paper Settings - Control Panel' → type=task, confidence=low
2026-09-24 10:15:59,538 [INFO] httpx2: HTTP Request: POST https://api.anthropic.com/v1/messages "HTTP/1.1 401 Unauthorized"
2026-09-24 10:15:59,538 [ERROR] layers.layer1234_enrichment: L1234 ✗ error: Error code: 401 - {'type': 'error', 'error': {'type': 'authentication_error', 'message': 'API key is invalid.'}, 'request_id': None}
2026-09-24 10:15:59,539 [WARNING] layers.layer1234_enrichment: L1234 ⊘ fallback 'Changing LCD Screen Language'
2026-09-24 10:15:59,540 [INFO] utils.body_preserver: [BodyPreserver] Successfully merged: DOCTYPE preserved, body preserved, AI enrichment applied
2026-09-24 10:15:59,540 [INFO] layers.layer2_shortdesc_generator: L2 ✓ shortdesc changing_lcd_screen_language.dita
2026-09-24 10:15:59,542 [INFO] utils.body_preserver: [BodyPreserver] Successfully merged: DOCTYPE preserved, body preserved, AI enrichment applied
2026-09-24 10:15:59,542 [INFO] layers.layer3_keywords_indexterms: L3 ✓ prolog changing_lcd_screen_language.dita
2026-09-24 10:15:59,544 [INFO] pipeline.enrich_runner: [EnrichPipeline] Enriched 'Changing LCD Screen Language' → type=task, confidence=low
2026-09-24 10:15:59,546 [INFO] httpx2: HTTP Request: POST https://api.anthropic.com/v1/messages "HTTP/1.1 401 Unauthorized"
2026-09-24 10:15:59,547 [ERROR] layers.layer1234_enrichment: L1234 ✗ error: Error code: 401 - {'type': 'error', 'error': {'type': 'authentication_error', 'message': 'API key is invalid.'}, 'request_id': None}
2026-09-24 10:15:59,547 [WARNING] layers.layer1234_enrichment: L1234 ⊘ fallback 'Placing Originals on the Scanner Glass'
2026-09-24 10:15:59,548 [INFO] utils.body_preserver: [BodyPreserver] Successfully merged: DOCTYPE preserved, body preserved, AI enrichment applied
2026-09-24 10:15:59,549 [INFO] layers.layer2_shortdesc_generator: L2 ✓ shortdesc placing_originals_on_the_scanner_glass.dita
2026-09-24 10:15:59,550 [INFO] utils.body_preserver: [BodyPreserver] Successfully merged: DOCTYPE preserved, body preserved, AI enrichment applied
2026-09-24 10:15:59,551 [INFO] layers.layer3_keywords_indexterms: L3 ✓ prolog placing_originals_on_the_scanner_glass.dita
2026-09-24 10:15:59,553 [INFO] pipeline.enrich_runner: [EnrichPipeline] Enriched 'Placing Originals on the Scanner Glass' → type=task, confidence=low
2026-09-24 10:15:59,611 [INFO] httpx2: HTTP Request: POST https://api.anthropic.com/v1/messages "HTTP/1.1 401 Unauthorized"
2026-09-24 10:15:59,612 [ERROR] layers.layer1234_enrichment: L1234 ✗ error: Error code: 401 - {'type': 'error', 'error': {'type': 'authentication_error', 'message': 'API key is invalid.'}, 'request_id': None}
2026-09-24 10:15:59,612 [WARNING] layers.layer1234_enrichment: L1234 ⊘ fallback 'Changing the Power Off Timer Setting from the Control Panel'
2026-09-24 10:15:59,614 [INFO] utils.body_preserver: [BodyPreserver] Successfully merged: DOCTYPE preserved, body preserved, AI enrichment applied
2026-09-24 10:15:59,614 [INFO] layers.layer2_shortdesc_generator: L2 ✓ shortdesc changing_the_power_off_timer_setting_from_the_control_panel.dita
2026-09-24 10:15:59,616 [INFO] utils.body_preserver: [BodyPreserver] Successfully merged: DOCTYPE preserved, body preserved, AI enrichment applied
2026-09-24 10:15:59,616 [INFO] layers.layer3_keywords_indexterms: L3 ✓ prolog changing_the_power_off_timer_setting_from_the_control_panel.dita
2026-09-24 10:15:59,619 [INFO] pipeline.enrich_runner: [EnrichPipeline] Enriched 'Changing the Power Off Timer Setting from the Control Panel' → type=task, confidence=low
2026-09-24 10:15:59,780 [INFO] httpx2: HTTP Request: POST https://api.anthropic.com/v1/messages "HTTP/1.1 401 Unauthorized"
2026-09-24 10:15:59,781 [ERROR] layers.layer1234_enrichment: L1234 ✗ error: Error code: 401 - {'type': 'error', 'error': {'type': 'authentication_error', 'message': 'API key is invalid.'}, 'request_id': None}
2026-09-24 10:15:59,781 [WARNING] layers.layer1234_enrichment: L1234 ⊘ fallback 'Changing the Sleep Timer Setting from the Control Panel'
2026-09-24 10:15:59,782 [INFO] utils.body_preserver: [BodyPreserver] Successfully merged: DOCTYPE preserved, body preserved, AI enrichment applied
2026-09-24 10:15:59,783 [INFO] utils.body_preserver: [BodyPreserver] All substeps properly nested under step — validation PASSED
2026-09-24 10:15:59,783 [INFO] layers.layer2_shortdesc_generator: L2 ✓ shortdesc changing_the_sleep_timer_setting_from_the_control_panel.dita
2026-09-24 10:15:59,784 [INFO] utils.body_preserver: [BodyPreserver] Successfully merged: DOCTYPE preserved, body preserved, AI enrichment applied
2026-09-24 10:15:59,785 [INFO] utils.body_preserver: [BodyPreserver] All substeps properly nested under step — validation PASSED
2026-09-24 10:15:59,785 [INFO] layers.layer3_keywords_indexterms: L3 ✓ prolog changing_the_sleep_timer_setting_from_the_control_panel.dita
2026-09-24 10:15:59,787 [INFO] pipeline.enrich_runner: [EnrichPipeline] Enriched 'Changing the Sleep Timer Setting from the Control Panel' → type=task, confidence=low
2026-09-24 10:15:59,789 [INFO] httpx2: HTTP Request: POST https://api.anthropic.com/v1/messages "HTTP/1.1 401 Unauthorized"
2026-09-24 10:15:59,790 [ERROR] layers.layer1234_enrichment: L1234 ✗ error: Error code: 401 - {'type': 'error', 'error': {'type': 'authentication_error', 'message': 'API key is invalid.'}, 'request_id': None}
2026-09-24 10:15:59,790 [WARNING] layers.layer1234_enrichment: L1234 ⊘ fallback 'Entering Characters on the LCD Screen'
2026-09-24 10:15:59,791 [INFO] layers.layer1_topic_classifier: L1 ✓ concept→task entering_characters_on_the_lcd_screen.dita
2026-09-24 10:15:59,792 [INFO] utils.body_preserver: [BodyPreserver] Successfully merged: DOCTYPE preserved, body preserved, AI enrichment applied
2026-09-24 10:15:59,792 [INFO] layers.layer2_shortdesc_generator: L2 ✓ shortdesc entering_characters_on_the_lcd_screen.dita
2026-09-24 10:15:59,794 [INFO] utils.body_preserver: [BodyPreserver] Successfully merged: DOCTYPE preserved, body preserved, AI enrichment applied
2026-09-24 10:15:59,794 [INFO] layers.layer3_keywords_indexterms: L3 ✓ prolog entering_characters_on_the_lcd_screen.dita
2026-09-24 10:15:59,796 [INFO] pipeline.enrich_runner: [EnrichPipeline] Enriched 'Entering Characters on the LCD Screen' → type=task, confidence=low
2026-09-24 10:15:59,819 [INFO] httpx2: HTTP Request: POST https://api.anthropic.com/v1/messages "HTTP/1.1 401 Unauthorized"
2026-09-24 10:15:59,820 [ERROR] layers.layer1234_enrichment: L1234 ✗ error: Error code: 401 - {'type': 'error', 'error': {'type': 'authentication_error', 'message': 'API key is invalid.'}, 'request_id': None}
2026-09-24 10:15:59,820 [WARNING] layers.layer1234_enrichment: L1234 ⊘ fallback 'Product Parts - Back'
2026-09-24 10:15:59,822 [INFO] layers.layer1_topic_classifier: L1 ✓ task→topic product_parts_back.dita
2026-09-24 10:15:59,822 [INFO] utils.body_preserver: [BodyPreserver] Successfully merged: DOCTYPE preserved, body preserved, AI enrichment applied
2026-09-24 10:15:59,823 [INFO] layers.layer2_shortdesc_generator: L2 ✓ shortdesc product_parts_back.dita
2026-09-24 10:15:59,824 [INFO] utils.body_preserver: [BodyPreserver] Successfully merged: DOCTYPE preserved, body preserved, AI enrichment applied
2026-09-24 10:15:59,824 [INFO] layers.layer3_keywords_indexterms: L3 ✓ prolog product_parts_back.dita
2026-09-24 10:15:59,827 [INFO] pipeline.enrich_runner: [EnrichPipeline] Enriched 'Product Parts - Back' → type=topic, confidence=low
2026-09-24 10:15:59,829 [INFO] httpx2: HTTP Request: POST https://api.anthropic.com/v1/messages "HTTP/1.1 401 Unauthorized"
2026-09-24 10:15:59,829 [ERROR] layers.layer1234_enrichment: L1234 ✗ error: Error code: 401 - {'type': 'error', 'error': {'type': 'authentication_error', 'message': 'API key is invalid.'}, 'request_id': None}
2026-09-24 10:15:59,829 [WARNING] layers.layer1234_enrichment: L1234 ⊘ fallback 'Product Basics'
2026-09-24 10:15:59,830 [INFO] layers.layer1_topic_classifier: L1 ✓ concept→topic product_basics.dita
2026-09-24 10:15:59,831 [INFO] utils.body_preserver: [BodyPreserver] Successfully merged: DOCTYPE preserved, body preserved, AI enrichment applied
2026-09-24 10:15:59,831 [INFO] layers.layer2_shortdesc_generator: L2 ✓ shortdesc product_basics.dita
2026-09-24 10:15:59,833 [INFO] utils.body_preserver: [BodyPreserver] Successfully merged: DOCTYPE preserved, body preserved, AI enrichment applied
2026-09-24 10:15:59,833 [INFO] layers.layer3_keywords_indexterms: L3 ✓ prolog product_basics.dita
2026-09-24 10:15:59,835 [INFO] pipeline.enrich_runner: [EnrichPipeline] Enriched 'Product Basics' → type=topic, confidence=low
2026-09-24 10:15:59,873 [INFO] httpx2: HTTP Request: POST https://api.anthropic.com/v1/messages "HTTP/1.1 401 Unauthorized"
2026-09-24 10:15:59,874 [ERROR] layers.layer1234_enrichment: L1234 ✗ error: Error code: 401 - {'type': 'error', 'error': {'type': 'authentication_error', 'message': 'API key is invalid.'}, 'request_id': None}
2026-09-24 10:15:59,874 [WARNING] layers.layer1234_enrichment: L1234 ⊘ fallback 'Product Parts - Front'
2026-09-24 10:15:59,875 [INFO] layers.layer1_topic_classifier: L1 ✓ task→topic product_parts_front.dita
2026-09-24 10:15:59,876 [INFO] utils.body_preserver: [BodyPreserver] Successfully merged: DOCTYPE preserved, body preserved, AI enrichment applied
2026-09-24 10:15:59,876 [INFO] layers.layer2_shortdesc_generator: L2 ✓ shortdesc product_parts_front.dita
2026-09-24 10:15:59,878 [INFO] utils.body_preserver: [BodyPreserver] Successfully merged: DOCTYPE preserved, body preserved, AI enrichment applied
2026-09-24 10:15:59,878 [INFO] layers.layer3_keywords_indexterms: L3 ✓ prolog product_parts_front.dita
2026-09-24 10:15:59,881 [INFO] pipeline.enrich_runner: [EnrichPipeline] Enriched 'Product Parts - Front' → type=topic, confidence=low
2026-09-24 10:16:00,055 [INFO] httpx2: HTTP Request: POST https://api.anthropic.com/v1/messages "HTTP/1.1 401 Unauthorized"
2026-09-24 10:16:00,056 [ERROR] layers.layer1234_enrichment: L1234 ✗ error: Error code: 401 - {'type': 'error', 'error': {'type': 'authentication_error', 'message': 'API key is invalid.'}, 'request_id': None}
2026-09-24 10:16:00,056 [WARNING] layers.layer1234_enrichment: L1234 ⊘ fallback 'Product Parts - Inside'
2026-09-24 10:16:00,058 [INFO] layers.layer1_topic_classifier: L1 ✓ task→topic product_parts_inside.dita
2026-09-24 10:16:00,058 [INFO] utils.body_preserver: [BodyPreserver] Successfully merged: DOCTYPE preserved, body preserved, AI enrichment applied
2026-09-24 10:16:00,059 [INFO] layers.layer2_shortdesc_generator: L2 ✓ shortdesc product_parts_inside.dita
2026-09-24 10:16:00,060 [INFO] utils.body_preserver: [BodyPreserver] Successfully merged: DOCTYPE preserved, body preserved, AI enrichment applied
2026-09-24 10:16:00,060 [INFO] layers.layer3_keywords_indexterms: L3 ✓ prolog product_parts_inside.dita
2026-09-24 10:16:00,063 [INFO] pipeline.enrich_runner: [EnrichPipeline] Enriched 'Product Parts - Inside' → type=topic, confidence=low
2026-09-24 10:16:00,067 [INFO] httpx2: HTTP Request: POST https://api.anthropic.com/v1/messages "HTTP/1.1 401 Unauthorized"
2026-09-24 10:16:00,067 [ERROR] layers.layer1234_enrichment: L1234 ✗ error: Error code: 401 - {'type': 'error', 'error': {'type': 'authentication_error', 'message': 'API key is invalid.'}, 'request_id': None}
2026-09-24 10:16:00,068 [WARNING] layers.layer1234_enrichment: L1234 ⊘ fallback 'Product Parts Locations'
2026-09-24 10:16:00,069 [INFO] layers.layer1_topic_classifier: L1 ✓ concept→topic product_parts_locations.dita
2026-09-24 10:16:00,069 [INFO] utils.body_preserver: [BodyPreserver] Successfully merged: DOCTYPE preserved, body preserved, AI enrichment applied
2026-09-24 10:16:00,070 [INFO] layers.layer2_shortdesc_generator: L2 ✓ shortdesc product_parts_locations.dita
2026-09-24 10:16:00,071 [INFO] utils.body_preserver: [BodyPreserver] Successfully merged: DOCTYPE preserved, body preserved, AI enrichment applied
2026-09-24 10:16:00,071 [INFO] layers.layer3_keywords_indexterms: L3 ✓ prolog product_parts_locations.dita
2026-09-24 10:16:00,074 [INFO] pipeline.enrich_runner: [EnrichPipeline] Enriched 'Product Parts Locations' → type=topic, confidence=low
2026-09-24 10:16:00,098 [INFO] httpx2: HTTP Request: POST https://api.anthropic.com/v1/messages "HTTP/1.1 401 Unauthorized"
2026-09-24 10:16:00,099 [ERROR] layers.layer1234_enrichment: L1234 ✗ error: Error code: 401 - {'type': 'error', 'error': {'type': 'authentication_error', 'message': 'API key is invalid.'}, 'request_id': None}
2026-09-24 10:16:00,099 [WARNING] layers.layer1234_enrichment: L1234 ⊘ fallback 'Status Icon Information'
2026-09-24 10:16:00,101 [INFO] layers.layer1_topic_classifier: L1 ✓ reference→concept status_icon_information.dita
2026-09-24 10:16:00,101 [INFO] utils.body_preserver: [BodyPreserver] Successfully merged: DOCTYPE preserved, body preserved, AI enrichment applied
2026-09-24 10:16:00,102 [INFO] layers.layer2_shortdesc_generator: L2 ✓ shortdesc status_icon_information.dita
2026-09-24 10:16:00,103 [INFO] utils.body_preserver: [BodyPreserver] Successfully merged: DOCTYPE preserved, body preserved, AI enrichment applied
2026-09-24 10:16:00,104 [INFO] layers.layer3_keywords_indexterms: L3 ✓ prolog status_icon_information.dita
2026-09-24 10:16:00,106 [INFO] pipeline.enrich_runner: [EnrichPipeline] Enriched 'Status Icon Information' → type=concept, confidence=low
2026-09-24 10:16:00,120 [INFO] httpx2: HTTP Request: POST https://api.anthropic.com/v1/messages "HTTP/1.1 401 Unauthorized"
2026-09-24 10:16:00,121 [ERROR] layers.layer1234_enrichment: L1234 ✗ error: Error code: 401 - {'type': 'error', 'error': {'type': 'authentication_error', 'message': 'API key is invalid.'}, 'request_id': None}
2026-09-24 10:16:00,121 [WARNING] layers.layer1234_enrichment: L1234 ⊘ fallback 'The LCD Screen'
2026-09-24 10:16:00,123 [INFO] layers.layer1_topic_classifier: L1 ✓ task→topic the_lcd_screen.dita
2026-09-24 10:16:00,123 [INFO] utils.body_preserver: [BodyPreserver] Successfully merged: DOCTYPE preserved, body preserved, AI enrichment applied
2026-09-24 10:16:00,123 [INFO] layers.layer2_shortdesc_generator: L2 ✓ shortdesc the_lcd_screen.dita
2026-09-24 10:16:00,125 [INFO] utils.body_preserver: [BodyPreserver] Successfully merged: DOCTYPE preserved, body preserved, AI enrichment applied
2026-09-24 10:16:00,125 [INFO] layers.layer3_keywords_indexterms: L3 ✓ prolog the_lcd_screen.dita
2026-09-24 10:16:00,128 [INFO] pipeline.enrich_runner: [EnrichPipeline] Enriched 'The LCD Screen' → type=topic, confidence=low
2026-09-24 10:16:00,132 [INFO] httpx2: HTTP Request: POST https://api.anthropic.com/v1/messages "HTTP/1.1 401 Unauthorized"
2026-09-24 10:16:00,133 [ERROR] layers.layer1234_enrichment: L1234 ✗ error: Error code: 401 - {'type': 'error', 'error': {'type': 'authentication_error', 'message': 'API key is invalid.'}, 'request_id': None}
2026-09-24 10:16:00,133 [WARNING] layers.layer1234_enrichment: L1234 ⊘ fallback 'Using Power Saving Settings'
2026-09-24 10:16:00,134 [INFO] layers.layer1_topic_classifier: L1 ✓ concept→task using_power_saving_settings.dita
2026-09-24 10:16:00,134 [INFO] utils.body_preserver: [BodyPreserver] Successfully merged: DOCTYPE preserved, body preserved, AI enrichment applied
2026-09-24 10:16:00,135 [INFO] layers.layer2_shortdesc_generator: L2 ✓ shortdesc using_power_saving_settings.dita
2026-09-24 10:16:00,136 [INFO] utils.body_preserver: [BodyPreserver] Successfully merged: DOCTYPE preserved, body preserved, AI enrichment applied
2026-09-24 10:16:00,137 [INFO] layers.layer3_keywords_indexterms: L3 ✓ prolog using_power_saving_settings.dita
2026-09-24 10:16:00,139 [INFO] pipeline.enrich_runner: [EnrichPipeline] Enriched 'Using Power Saving Settings' → type=task, confidence=low
2026-09-24 10:16:00,315 [INFO] httpx2: HTTP Request: POST https://api.anthropic.com/v1/messages "HTTP/1.1 401 Unauthorized"
2026-09-24 10:16:00,316 [ERROR] layers.layer1234_enrichment: L1234 ✗ error: Error code: 401 - {'type': 'error', 'error': {'type': 'authentication_error', 'message': 'API key is invalid.'}, 'request_id': None}
2026-09-24 10:16:00,316 [WARNING] layers.layer1234_enrichment: L1234 ⊘ fallback 'Using the Control Panel'
2026-09-24 10:16:00,317 [INFO] utils.body_preserver: [BodyPreserver] Successfully merged: DOCTYPE preserved, body preserved, AI enrichment applied
2026-09-24 10:16:00,318 [INFO] layers.layer2_shortdesc_generator: L2 ✓ shortdesc using_the_control_panel.dita
2026-09-24 10:16:00,319 [INFO] utils.body_preserver: [BodyPreserver] Successfully merged: DOCTYPE preserved, body preserved, AI enrichment applied
2026-09-24 10:16:00,320 [INFO] layers.layer3_keywords_indexterms: L3 ✓ prolog using_the_control_panel.dita
2026-09-24 10:16:00,323 [INFO] pipeline.enrich_runner: [EnrichPipeline] Enriched 'Using the Control Panel' → type=task, confidence=low
2026-09-24 10:16:00,359 [INFO] httpx2: HTTP Request: POST https://api.anthropic.com/v1/messages "HTTP/1.1 401 Unauthorized"
2026-09-24 10:16:00,360 [ERROR] layers.layer1234_enrichment: L1234 ✗ error: Error code: 401 - {'type': 'error', 'error': {'type': 'authentication_error', 'message': 'API key is invalid.'}, 'request_id': None}
2026-09-24 10:16:00,360 [WARNING] layers.layer1234_enrichment: L1234 ⊘ fallback 'Viewing Animations'
2026-09-24 10:16:00,361 [INFO] utils.body_preserver: [BodyPreserver] Successfully merged: DOCTYPE preserved, body preserved, AI enrichment applied
2026-09-24 10:16:00,362 [INFO] layers.layer2_shortdesc_generator: L2 ✓ shortdesc viewing_animations.dita
2026-09-24 10:16:00,363 [INFO] utils.body_preserver: [BodyPreserver] Successfully merged: DOCTYPE preserved, body preserved, AI enrichment applied
2026-09-24 10:16:00,363 [INFO] layers.layer3_keywords_indexterms: L3 ✓ prolog viewing_animations.dita
2026-09-24 10:16:00,366 [INFO] pipeline.enrich_runner: [EnrichPipeline] Enriched 'Viewing Animations' → type=task, confidence=low
2026-09-24 10:16:00,380 [INFO] httpx2: HTTP Request: POST https://api.anthropic.com/v1/messages "HTTP/1.1 401 Unauthorized"
2026-09-24 10:16:00,380 [ERROR] layers.layer1234_enrichment: L1234 ✗ error: Error code: 401 - {'type': 'error', 'error': {'type': 'authentication_error', 'message': 'API key is invalid.'}, 'request_id': None}
2026-09-24 10:16:00,381 [WARNING] layers.layer1234_enrichment: L1234 ⊘ fallback 'Check Ink Levels'
2026-09-24 10:16:00,382 [INFO] utils.body_preserver: [BodyPreserver] Successfully merged: DOCTYPE preserved, body preserved, AI enrichment applied
2026-09-24 10:16:00,382 [INFO] layers.layer2_shortdesc_generator: L2 ✓ shortdesc check_ink_levels.dita
2026-09-24 10:16:00,384 [INFO] utils.body_preserver: [BodyPreserver] Successfully merged: DOCTYPE preserved, body preserved, AI enrichment applied
2026-09-24 10:16:00,384 [INFO] layers.layer3_keywords_indexterms: L3 ✓ prolog check_ink_levels.dita
2026-09-24 10:16:00,387 [INFO] pipeline.enrich_runner: [EnrichPipeline] Enriched 'Check Ink Levels' → type=concept, confidence=low
2026-09-24 10:16:00,390 [INFO] httpx2: HTTP Request: POST https://api.anthropic.com/v1/messages "HTTP/1.1 401 Unauthorized"
2026-09-24 10:16:00,391 [ERROR] layers.layer1234_enrichment: L1234 ✗ error: Error code: 401 - {'type': 'error', 'error': {'type': 'authentication_error', 'message': 'API key is invalid.'}, 'request_id': None}
2026-09-24 10:16:00,391 [WARNING] layers.layer1234_enrichment: L1234 ⊘ fallback 'Checking Ink Levels on Your Product'
2026-09-24 10:16:00,392 [INFO] utils.body_preserver: [BodyPreserver] Successfully merged: DOCTYPE preserved, body preserved, AI enrichment applied
2026-09-24 10:16:00,392 [INFO] layers.layer2_shortdesc_generator: L2 ✓ shortdesc checking_ink_levels_on_your_product.dita
2026-09-24 10:16:00,394 [INFO] utils.body_preserver: [BodyPreserver] Successfully merged: DOCTYPE preserved, body preserved, AI enrichment applied
2026-09-24 10:16:00,394 [INFO] layers.layer3_keywords_indexterms: L3 ✓ prolog checking_ink_levels_on_your_product.dita
2026-09-24 10:16:00,397 [INFO] pipeline.enrich_runner: [EnrichPipeline] Enriched 'Checking Ink Levels on Your Product' → type=concept, confidence=low
2026-09-24 10:16:00,399 [INFO] httpx2: HTTP Request: POST https://api.anthropic.com/v1/messages "HTTP/1.1 401 Unauthorized"
2026-09-24 10:16:00,400 [ERROR] layers.layer1234_enrichment: L1234 ✗ error: Error code: 401 - {'type': 'error', 'error': {'type': 'authentication_error', 'message': 'API key is invalid.'}, 'request_id': None}
2026-09-24 10:16:00,400 [WARNING] layers.layer1234_enrichment: L1234 ⊘ fallback 'Checking Ink Levels - Mac'
2026-09-24 10:16:00,401 [INFO] utils.body_preserver: [BodyPreserver] Successfully merged: DOCTYPE preserved, body preserved, AI enrichment applied
2026-09-24 10:16:00,401 [INFO] layers.layer2_shortdesc_generator: L2 ✓ shortdesc checking_ink_levels_mac.dita
2026-09-24 10:16:00,403 [INFO] utils.body_preserver: [BodyPreserver] Successfully merged: DOCTYPE preserved, body preserved, AI enrichment applied
2026-09-24 10:16:00,403 [INFO] layers.layer3_keywords_indexterms: L3 ✓ prolog checking_ink_levels_mac.dita
2026-09-24 10:16:00,406 [INFO] pipeline.enrich_runner: [EnrichPipeline] Enriched 'Checking Ink Levels - Mac' → type=task, confidence=low
2026-09-24 10:16:00,586 [INFO] httpx2: HTTP Request: POST https://api.anthropic.com/v1/messages "HTTP/1.1 401 Unauthorized"
2026-09-24 10:16:00,587 [ERROR] layers.layer1234_enrichment: L1234 ✗ error: Error code: 401 - {'type': 'error', 'error': {'type': 'authentication_error', 'message': 'API key is invalid.'}, 'request_id': None}
2026-09-24 10:16:00,587 [WARNING] layers.layer1234_enrichment: L1234 ⊘ fallback 'Checking Ink Levels - Windows'
2026-09-24 10:16:00,589 [INFO] layers.layer1_topic_classifier: L1 ✓ task→concept checking_ink_levels_windows.dita
2026-09-24 10:16:00,589 [INFO] utils.body_preserver: [BodyPreserver] Successfully merged: DOCTYPE preserved, body preserved, AI enrichment applied
2026-09-24 10:16:00,589 [INFO] layers.layer2_shortdesc_generator: L2 ✓ shortdesc checking_ink_levels_windows.dita
2026-09-24 10:16:00,591 [INFO] utils.body_preserver: [BodyPreserver] Successfully merged: DOCTYPE preserved, body preserved, AI enrichment applied
2026-09-24 10:16:00,591 [INFO] layers.layer3_keywords_indexterms: L3 ✓ prolog checking_ink_levels_windows.dita
2026-09-24 10:16:00,594 [INFO] pipeline.enrich_runner: [EnrichPipeline] Enriched 'Checking Ink Levels - Windows' → type=concept, confidence=low
2026-09-24 10:16:00,626 [INFO] httpx2: HTTP Request: POST https://api.anthropic.com/v1/messages "HTTP/1.1 401 Unauthorized"
2026-09-24 10:16:00,627 [ERROR] layers.layer1234_enrichment: L1234 ✗ error: Error code: 401 - {'type': 'error', 'error': {'type': 'authentication_error', 'message': 'API key is invalid.'}, 'request_id': None}
2026-09-24 10:16:00,627 [WARNING] layers.layer1234_enrichment: L1234 ⊘ fallback 'Disabling Special Offers with Windows'
2026-09-24 10:16:00,628 [INFO] utils.body_preserver: [BodyPreserver] Successfully merged: DOCTYPE preserved, body preserved, AI enrichment applied
2026-09-24 10:16:00,629 [INFO] layers.layer2_shortdesc_generator: L2 ✓ shortdesc disabling_special_offers_with_windows.dita
2026-09-24 10:16:00,630 [INFO] utils.body_preserver: [BodyPreserver] Successfully merged: DOCTYPE preserved, body preserved, AI enrichment applied
2026-09-24 10:16:00,630 [INFO] layers.layer3_keywords_indexterms: L3 ✓ prolog disabling_special_offers_with_windows.dita
2026-09-24 10:16:00,634 [INFO] pipeline.enrich_runner: [EnrichPipeline] Enriched 'Disabling Special Offers with Windows' → type=task, confidence=low
2026-09-24 10:16:00,652 [INFO] httpx2: HTTP Request: POST https://api.anthropic.com/v1/messages "HTTP/1.1 401 Unauthorized"
2026-09-24 10:16:00,652 [ERROR] layers.layer1234_enrichment: L1234 ✗ error: Error code: 401 - {'type': 'error', 'error': {'type': 'authentication_error', 'message': 'API key is invalid.'}, 'request_id': None}
2026-09-24 10:16:00,653 [WARNING] layers.layer1234_enrichment: L1234 ⊘ fallback 'Ink Safety Precautions'
2026-09-24 10:16:00,654 [INFO] utils.body_preserver: [BodyPreserver] Successfully merged: DOCTYPE preserved, body preserved, AI enrichment applied
2026-09-24 10:16:00,655 [INFO] layers.layer2_shortdesc_generator: L2 ✓ shortdesc ink_safety_precautions.dita
2026-09-24 10:16:00,656 [INFO] utils.body_preserver: [BodyPreserver] Successfully merged: DOCTYPE preserved, body preserved, AI enrichment applied
2026-09-24 10:16:00,657 [INFO] layers.layer3_keywords_indexterms: L3 ✓ prolog ink_safety_precautions.dita
2026-09-24 10:16:00,662 [INFO] pipeline.enrich_runner: [EnrichPipeline] Enriched 'Ink Safety Precautions' → type=concept, confidence=low
2026-09-24 10:16:00,662 [INFO] httpx2: HTTP Request: POST https://api.anthropic.com/v1/messages "HTTP/1.1 401 Unauthorized"
2026-09-24 10:16:00,663 [ERROR] layers.layer1234_enrichment: L1234 ✗ error: Error code: 401 - {'type': 'error', 'error': {'type': 'authentication_error', 'message': 'API key is invalid.'}, 'request_id': None}
2026-09-24 10:16:00,663 [WARNING] layers.layer1234_enrichment: L1234 ⊘ fallback 'Ink Bottle Part Numbers'
2026-09-24 10:16:00,665 [INFO] layers.layer1_topic_classifier: L1 ✓ reference→topic ink_bottle_part_numbers.dita
2026-09-24 10:16:00,665 [INFO] utils.body_preserver: [BodyPreserver] Successfully merged: DOCTYPE preserved, body preserved, AI enrichment applied
2026-09-24 10:16:00,665 [INFO] layers.layer2_shortdesc_generator: L2 ✓ shortdesc ink_bottle_part_numbers.dita
2026-09-24 10:16:00,667 [INFO] utils.body_preserver: [BodyPreserver] Successfully merged: DOCTYPE preserved, body preserved, AI enrichment applied
2026-09-24 10:16:00,667 [INFO] layers.layer3_keywords_indexterms: L3 ✓ prolog ink_bottle_part_numbers.dita
2026-09-24 10:16:00,670 [INFO] pipeline.enrich_runner: [EnrichPipeline] Enriched 'Ink Bottle Part Numbers' → type=topic, confidence=low
2026-09-24 10:16:00,683 [INFO] httpx2: HTTP Request: POST https://api.anthropic.com/v1/messages "HTTP/1.1 401 Unauthorized"
2026-09-24 10:16:00,684 [ERROR] layers.layer1234_enrichment: L1234 ✗ error: Error code: 401 - {'type': 'error', 'error': {'type': 'authentication_error', 'message': 'API key is invalid.'}, 'request_id': None}
2026-09-24 10:16:00,684 [WARNING] layers.layer1234_enrichment: L1234 ⊘ fallback 'Purchase MetR Ink'
2026-09-24 10:16:00,685 [INFO] utils.body_preserver: [BodyPreserver] Successfully merged: DOCTYPE preserved, body preserved, AI enrichment applied
2026-09-24 10:16:00,686 [INFO] layers.layer2_shortdesc_generator: L2 ✓ shortdesc purchase_metr_ink.dita
2026-09-24 10:16:00,687 [INFO] utils.body_preserver: [BodyPreserver] Successfully merged: DOCTYPE preserved, body preserved, AI enrichment applied
2026-09-24 10:16:00,688 [INFO] layers.layer3_keywords_indexterms: L3 ✓ prolog purchase_metr_ink.dita
2026-09-24 10:16:00,691 [INFO] pipeline.enrich_runner: [EnrichPipeline] Enriched 'Purchase MetR Ink' → type=concept, confidence=low
2026-09-24 10:16:00,850 [INFO] httpx2: HTTP Request: POST https://api.anthropic.com/v1/messages "HTTP/1.1 401 Unauthorized"
2026-09-24 10:16:00,851 [ERROR] layers.layer1234_enrichment: L1234 ✗ error: Error code: 401 - {'type': 'error', 'error': {'type': 'authentication_error', 'message': 'API key is invalid.'}, 'request_id': None}
2026-09-24 10:16:00,851 [WARNING] layers.layer1234_enrichment: L1234 ⊘ fallback 'Refilling Ink'
2026-09-24 10:16:00,853 [INFO] utils.body_preserver: [BodyPreserver] Successfully merged: DOCTYPE preserved, body preserved, AI enrichment applied
2026-09-24 10:16:00,853 [INFO] layers.layer2_shortdesc_generator: L2 ✓ shortdesc refilling_ink.dita
2026-09-24 10:16:00,855 [INFO] utils.body_preserver: [BodyPreserver] Successfully merged: DOCTYPE preserved, body preserved, AI enrichment applied
2026-09-24 10:16:00,855 [INFO] layers.layer3_keywords_indexterms: L3 ✓ prolog refilling_ink.dita
2026-09-24 10:16:00,858 [INFO] pipeline.enrich_runner: [EnrichPipeline] Enriched 'Refilling Ink' → type=concept, confidence=low
2026-09-24 10:16:00,885 [INFO] httpx2: HTTP Request: POST https://api.anthropic.com/v1/messages "HTTP/1.1 401 Unauthorized"
2026-09-24 10:16:00,886 [ERROR] layers.layer1234_enrichment: L1234 ✗ error: Error code: 401 - {'type': 'error', 'error': {'type': 'authentication_error', 'message': 'API key is invalid.'}, 'request_id': None}
2026-09-24 10:16:00,886 [WARNING] layers.layer1234_enrichment: L1234 ⊘ fallback 'Refilling the Ink Tanks'
2026-09-24 10:16:00,888 [INFO] utils.body_preserver: [BodyPreserver] Successfully merged: DOCTYPE preserved, body preserved, AI enrichment applied
2026-09-24 10:16:00,888 [INFO] layers.layer2_shortdesc_generator: L2 ✓ shortdesc refilling_the_ink_tanks.dita
2026-09-24 10:16:00,890 [INFO] utils.body_preserver: [BodyPreserver] Successfully merged: DOCTYPE preserved, body preserved, AI enrichment applied
2026-09-24 10:16:00,890 [INFO] layers.layer3_keywords_indexterms: L3 ✓ prolog refilling_the_ink_tanks.dita
2026-09-24 10:16:00,895 [INFO] pipeline.enrich_runner: [EnrichPipeline] Enriched 'Refilling the Ink Tanks' → type=task, confidence=low
2026-09-24 10:16:00,899 [INFO] pipeline.enrich_runner: [EnrichPipeline] Layers 1+2+3+4 complete — 63 topics processed
2026-09-24 10:16:00,903 [INFO] pipeline.enrich_runner: [EnrichPipeline] Reclassification summary — 28 of 63 topics had type changed by AI
2026-09-24 10:16:00,904 [INFO] pipeline.enrich_runner: [EnrichPipeline] [RECLASSIFIED] adjusting_print_quality/adjusting_print_quality.dita         concept → task (confidence=low)
2026-09-24 10:16:00,904 [INFO] pipeline.enrich_runner: [EnrichPipeline] [RECLASSIFIED] adjusting_print_quality/checking_the_nozzles_using_the_product_control_panel.dita task → concept (confidence=low)
2026-09-24 10:16:00,904 [INFO] pipeline.enrich_runner: [EnrichPipeline] [RECLASSIFIED] adjusting_print_quality/power_cleaning.dita                  concept → task (confidence=low)
2026-09-24 10:16:00,904 [INFO] pipeline.enrich_runner: [EnrichPipeline] [RECLASSIFIED] adjusting_print_quality/print_head_alignment.dita            concept → topic (confidence=low)
2026-09-24 10:16:00,904 [INFO] pipeline.enrich_runner: [EnrichPipeline] [RECLASSIFIED] adjusting_print_quality/print_head_maintenance.dita          concept → task (confidence=low)
2026-09-24 10:16:00,904 [INFO] pipeline.enrich_runner: [EnrichPipeline] [RECLASSIFIED] adjusting_print_quality/print_head_nozzle_check.dita         concept → topic (confidence=low)
2026-09-24 10:16:00,905 [INFO] pipeline.enrich_runner: [EnrichPipeline] [RECLASSIFIED] cleaning_and_transporting_your_product/cleaning_and_transporting_your_product.dita concept → topic (confidence=low)
2026-09-24 10:16:00,905 [INFO] pipeline.enrich_runner: [EnrichPipeline] [RECLASSIFIED] copying/copying.dita                                         concept → topic (confidence=low)
2026-09-24 10:16:00,905 [INFO] pipeline.enrich_runner: [EnrichPipeline] [RECLASSIFIED] copying/copying_options.dita                                 reference → task (confidence=low)
2026-09-24 10:16:00,905 [INFO] pipeline.enrich_runner: [EnrichPipeline] [RECLASSIFIED] loading_paper/compatible_metr_papers.dita                    reference → concept (confidence=low)
2026-09-24 10:16:00,905 [INFO] pipeline.enrich_runner: [EnrichPipeline] [RECLASSIFIED] loading_paper/loading_paper.dita                             concept → topic (confidence=low)
2026-09-24 10:16:00,905 [INFO] pipeline.enrich_runner: [EnrichPipeline] [RECLASSIFIED] loading_paper/loading_paper_in_the_rear_paper_feeder.dita    task → concept (confidence=low)
2026-09-24 10:16:00,905 [INFO] pipeline.enrich_runner: [EnrichPipeline] [RECLASSIFIED] loading_paper/paper_loading_capacity.dita                    reference → concept (confidence=low)
2026-09-24 10:16:00,905 [INFO] pipeline.enrich_runner: [EnrichPipeline] [RECLASSIFIED] loading_paper/paper_or_media_type_settings_control_panel.dita reference → task (confidence=low)
2026-09-24 10:16:00,905 [INFO] pipeline.enrich_runner: [EnrichPipeline] [RECLASSIFIED] loading_paper/paper_or_media_type_settings_printing_software.dita reference → task (confidence=low)
2026-09-24 10:16:00,906 [INFO] pipeline.enrich_runner: [EnrichPipeline] [RECLASSIFIED] loading_paper/paper_source_settings_options.dita             reference → task (confidence=low)
2026-09-24 10:16:00,906 [INFO] pipeline.enrich_runner: [EnrichPipeline] [RECLASSIFIED] placing_originals_on_the_product/placing_originals_on_the_product.dita concept → topic (confidence=low)
2026-09-24 10:16:00,906 [INFO] pipeline.enrich_runner: [EnrichPipeline] [RECLASSIFIED] product_basics/entering_characters_on_the_lcd_screen.dita    concept → task (confidence=low)
2026-09-24 10:16:00,906 [INFO] pipeline.enrich_runner: [EnrichPipeline] [RECLASSIFIED] product_basics/product_basics.dita                           concept → topic (confidence=low)
2026-09-24 10:16:00,906 [INFO] pipeline.enrich_runner: [EnrichPipeline] [RECLASSIFIED] product_basics/product_parts_back.dita                       task → topic (confidence=low)
2026-09-24 10:16:00,906 [INFO] pipeline.enrich_runner: [EnrichPipeline] [RECLASSIFIED] product_basics/product_parts_front.dita                      task → topic (confidence=low)
2026-09-24 10:16:00,906 [INFO] pipeline.enrich_runner: [EnrichPipeline] [RECLASSIFIED] product_basics/product_parts_inside.dita                     task → topic (confidence=low)
2026-09-24 10:16:00,906 [INFO] pipeline.enrich_runner: [EnrichPipeline] [RECLASSIFIED] product_basics/product_parts_locations.dita                  concept → topic (confidence=low)
2026-09-24 10:16:00,906 [INFO] pipeline.enrich_runner: [EnrichPipeline] [RECLASSIFIED] product_basics/status_icon_information.dita                  reference → concept (confidence=low)
2026-09-24 10:16:00,906 [INFO] pipeline.enrich_runner: [EnrichPipeline] [RECLASSIFIED] product_basics/the_lcd_screen.dita                           task → topic (confidence=low)
2026-09-24 10:16:00,907 [INFO] pipeline.enrich_runner: [EnrichPipeline] [RECLASSIFIED] product_basics/using_power_saving_settings.dita              concept → task (confidence=low)
2026-09-24 10:16:00,907 [INFO] pipeline.enrich_runner: [EnrichPipeline] [RECLASSIFIED] refilling_ink/checking_ink_levels_windows.dita               task → concept (confidence=low)
2026-09-24 10:16:00,907 [INFO] pipeline.enrich_runner: [EnrichPipeline] [RECLASSIFIED] refilling_ink/ink_bottle_part_numbers.dita                   reference → topic (confidence=low)
2026-09-24 10:16:00,907 [INFO] pipeline.enrich_runner: [EnrichPipeline] ══ AFTER ENRICHMENT ═══════════════════════════════
2026-09-24 10:16:00,907 [INFO] pipeline.enrich_runner: [EnrichPipeline] [AFTER]  adjusting_print_quality/adjusting_print_quality.dita type=task       shortdesc='If your print quality declines, you may need to run a utility to clean…'
2026-09-24 10:16:00,907 [INFO] pipeline.enrich_runner: [EnrichPipeline]          keywords=['print', 'Adjusting', 'Print', 'Quality', 'clean', 'quality'] | indexterms=['print', 'Adjusting', 'Print']
2026-09-24 10:16:00,907 [INFO] pipeline.enrich_runner: [EnrichPipeline] [AFTER]  adjusting_print_quality/aligning_the_print_head_using_the_product_control_panel.dita type=task       shortdesc='You can align the print head using the control panel on your product.'
2026-09-24 10:16:00,907 [INFO] pipeline.enrich_runner: [EnrichPipeline]          keywords=['placeholder', 'button', 'Alignment', 'Print', 'Head', 'Press'] | indexterms=['placeholder', 'button', 'Alignment']
2026-09-24 10:16:00,907 [INFO] pipeline.enrich_runner: [EnrichPipeline] [AFTER]  adjusting_print_quality/checking_the_nozzles_using_a_computer_utility.dita type=task       shortdesc='You can check the print head nozzles using a utility on your Windows o…'
2026-09-24 10:16:00,907 [INFO] pipeline.enrich_runner: [EnrichPipeline]          keywords=['placeholder', 'Print', 'click', 'Utility', 'print', 'Windows'] | indexterms=['placeholder', 'Print', 'click']
2026-09-24 10:16:00,907 [INFO] pipeline.enrich_runner: [EnrichPipeline] [AFTER]  adjusting_print_quality/checking_the_nozzles_using_the_product_control_panel.dita type=concept    shortdesc='You can check the print head nozzles using the control panel on your p…'
2026-09-24 10:16:00,908 [INFO] pipeline.enrich_runner: [EnrichPipeline]          keywords=['print', 'placeholder', 'button', 'there', 'check', 'product'] | indexterms=['print', 'placeholder', 'button']
2026-09-24 10:16:00,908 [INFO] pipeline.enrich_runner: [EnrichPipeline] [AFTER]  adjusting_print_quality/checking_the_number_of_sheets_fed.dita type=concept    shortdesc='You can view an option that displays the number of sheets of paper tha…'
2026-09-24 10:16:00,908 [INFO] pipeline.enrich_runner: [EnrichPipeline]          keywords=['Checking', 'Number', 'Sheets', 'number', 'sheets', 'paper'] | indexterms=['Checking', 'Number', 'Sheets']
2026-09-24 10:16:00,908 [INFO] pipeline.enrich_runner: [EnrichPipeline] [AFTER]  adjusting_print_quality/checking_the_number_of_sheets_on_the_lcd_screen.dita type=task       shortdesc='You can view the total number of prints, black-and-white prints, and c…'
2026-09-24 10:16:00,908 [INFO] pipeline.enrich_runner: [EnrichPipeline]          keywords=['prints', 'Checking', 'Number', 'Sheets', 'Screen', 'number'] | indexterms=['prints', 'Checking', 'Number']
2026-09-24 10:16:00,908 [INFO] pipeline.enrich_runner: [EnrichPipeline] [AFTER]  adjusting_print_quality/checking_the_sheet_counter_mac.dita type=task       shortdesc='You see this window:'
2026-09-24 10:16:00,908 [INFO] pipeline.enrich_runner: [EnrichPipeline]          keywords=['select', 'Select', 'Checking', 'Sheet', 'Counter', 'Print'] | indexterms=['select', 'Select', 'Checking']
2026-09-24 10:16:00,908 [INFO] pipeline.enrich_runner: [EnrichPipeline] [AFTER]  adjusting_print_quality/checking_the_sheet_counter_windows.dita type=task       shortdesc='You can check the number of sheets of paper that have fed through the …'
2026-09-24 10:16:00,908 [INFO] pipeline.enrich_runner: [EnrichPipeline]          keywords=['Windows', 'click', 'placeholder', 'number', 'sheets', 'right'] | indexterms=['Windows', 'click', 'placeholder']
2026-09-24 10:16:00,908 [INFO] pipeline.enrich_runner: [EnrichPipeline] [AFTER]  adjusting_print_quality/cleaning_the_paper_guide.dita type=task       shortdesc='If you see ink on the back of a printout, you can clean the paper'
2026-09-24 10:16:00,908 [INFO] pipeline.enrich_runner: [EnrichPipeline]          keywords=['paper', 'placeholder', 'clean', 'scanner', 'Cleaning', 'Paper'] | indexterms=['paper', 'placeholder', 'clean']
2026-09-24 10:16:00,908 [INFO] pipeline.enrich_runner: [EnrichPipeline] [AFTER]  adjusting_print_quality/cleaning_the_print_head_path.dita type=task       shortdesc='If the print quality has not improved after cleaning and aligning the …'
2026-09-24 10:16:00,908 [INFO] pipeline.enrich_runner: [EnrichPipeline]          keywords=['placeholder', 'print', 'product', 'translucent', 'clean', 'scanner'] | indexterms=['placeholder', 'print', 'product']
2026-09-24 10:16:00,908 [INFO] pipeline.enrich_runner: [EnrichPipeline] [AFTER]  adjusting_print_quality/cleaning_the_print_head_using_a_computer_utility.dita type=task       shortdesc='You can clean the print head using a utility on your Windows or Mac co…'
2026-09-24 10:16:00,908 [INFO] pipeline.enrich_runner: [EnrichPipeline]          keywords=['placeholder', 'Print', 'click', 'cleaning', 'Cleaning', 'print'] | indexterms=['placeholder', 'Print', 'click']
2026-09-24 10:16:00,908 [INFO] pipeline.enrich_runner: [EnrichPipeline] [AFTER]  adjusting_print_quality/cleaning_the_print_head_using_the_product_control_panel.dita type=task       shortdesc='You can clean the print head nozzles using the control panel on your p…'
2026-09-24 10:16:00,908 [INFO] pipeline.enrich_runner: [EnrichPipeline]          keywords=['placeholder', 'cleaning', 'print', 'Cleaning', 'Print', 'clean'] | indexterms=['placeholder', 'cleaning', 'print']
2026-09-24 10:16:00,908 [INFO] pipeline.enrich_runner: [EnrichPipeline] [AFTER]  adjusting_print_quality/power_cleaning.dita        type=task       shortdesc='If you still see white or dark lines or missing nozzles in your printo…'
2026-09-24 10:16:00,908 [INFO] pipeline.enrich_runner: [EnrichPipeline]          keywords=['Power', 'Cleaning', 'running', 'product', 'after', 'least'] | indexterms=['Power', 'Cleaning', 'running']
2026-09-24 10:16:00,908 [INFO] pipeline.enrich_runner: [EnrichPipeline] [AFTER]  adjusting_print_quality/power_cleaning_using_a_computer_utility.dita type=task       shortdesc='You can run a Power Cleaning using a utility on your Windows or Mac co…'
2026-09-24 10:16:00,908 [INFO] pipeline.enrich_runner: [EnrichPipeline]          keywords=['Cleaning', 'Power', 'Utility', 'Windows', 'product', 'click'] | indexterms=['Cleaning', 'Power', 'Utility']
2026-09-24 10:16:00,908 [INFO] pipeline.enrich_runner: [EnrichPipeline] [AFTER]  adjusting_print_quality/power_cleaning_using_the_product_control_panel.dita type=task       shortdesc='You can run a Power Cleaning using the control panel on your product.'
2026-09-24 10:16:00,908 [INFO] pipeline.enrich_runner: [EnrichPipeline]          keywords=['Cleaning', 'Power', 'product', 'least', 'running', 'check'] | indexterms=['Cleaning', 'Power', 'product']
2026-09-24 10:16:00,908 [INFO] pipeline.enrich_runner: [EnrichPipeline] [AFTER]  adjusting_print_quality/print_head_alignment.dita  type=topic      shortdesc='If your printouts become grainy or blurry, you notice misalignment of …'
2026-09-24 10:16:00,908 [INFO] pipeline.enrich_runner: [EnrichPipeline]          keywords=['Print', 'Head', 'Alignment', 'print', 'printouts', 'become'] | indexterms=['Print', 'Head', 'Alignment']
2026-09-24 10:16:00,908 [INFO] pipeline.enrich_runner: [EnrichPipeline] [AFTER]  adjusting_print_quality/print_head_cleaning.dita   type=concept    shortdesc='If print quality has declined and the nozzle check pattern indicates c…'
2026-09-24 10:16:00,909 [INFO] pipeline.enrich_runner: [EnrichPipeline]          keywords=['print', 'clean', 'Print', 'Head', 'Cleaning', 'level'] | indexterms=['print', 'clean', 'Print']
2026-09-24 10:16:00,909 [INFO] pipeline.enrich_runner: [EnrichPipeline] [AFTER]  adjusting_print_quality/print_head_maintenance.dita type=task       shortdesc='If your printouts become too light, or you see dark or light bands acr…'
2026-09-24 10:16:00,909 [INFO] pipeline.enrich_runner: [EnrichPipeline]          keywords=['clean', 'print', 'nozzles', 'Print', 'Head', 'Maintenance'] | indexterms=['clean', 'print', 'nozzles']
2026-09-24 10:16:00,909 [INFO] pipeline.enrich_runner: [EnrichPipeline] [AFTER]  adjusting_print_quality/print_head_nozzle_check.dita type=topic      shortdesc='You can print a nozzle check pattern to check for clogged nozzles.'
2026-09-24 10:16:00,909 [INFO] pipeline.enrich_runner: [EnrichPipeline]          keywords=['Print', 'Head', 'Nozzle', 'Check', 'check', 'print'] | indexterms=['Print', 'Head', 'Nozzle']
2026-09-24 10:16:00,909 [INFO] pipeline.enrich_runner: [EnrichPipeline] [AFTER]  cleaning_and_transporting_your_product/cleaning_and_transporting_your_product.dita type=topic      shortdesc='See these sections if you need to clean or transport your product.'
2026-09-24 10:16:00,910 [INFO] pipeline.enrich_runner: [EnrichPipeline]          keywords=['Cleaning', 'Transporting', 'Your', 'Product', 'these', 'sections'] | indexterms=['Cleaning', 'Transporting', 'Your']
2026-09-24 10:16:00,910 [INFO] pipeline.enrich_runner: [EnrichPipeline] [AFTER]  cleaning_and_transporting_your_product/cleaning_your_product.dita type=task       shortdesc='To keep your product working at its best, you should clean it several …'
2026-09-24 10:16:00,910 [INFO] pipeline.enrich_runner: [EnrichPipeline]          keywords=['product', 'glass', 'clean', 'inside', 'cloth', 'moistened'] | indexterms=['product', 'glass', 'clean']
2026-09-24 10:16:00,910 [INFO] pipeline.enrich_runner: [EnrichPipeline] [AFTER]  cleaning_and_transporting_your_product/copyright_notice.dita type=concept    shortdesc='All rights reserved. No part of this publication may be reproduced, st…'
2026-09-24 10:16:00,910 [INFO] pipeline.enrich_runner: [EnrichPipeline]          keywords=['MetR', 'Copyright', 'Notice', 'information', 'rights', 'reserved'] | indexterms=['MetR', 'Copyright', 'Notice']
2026-09-24 10:16:00,910 [INFO] pipeline.enrich_runner: [EnrichPipeline] [AFTER]  cleaning_and_transporting_your_product/transporting_your_product.dita type=task       shortdesc='If you need to store your product or transport it some distance, prepa…'
2026-09-24 10:16:00,910 [INFO] pipeline.enrich_runner: [EnrichPipeline]          keywords=['placeholder', 'product', 'print', 'bottle', 'power', 'scanner'] | indexterms=['placeholder', 'product', 'print']
2026-09-24 10:16:00,910 [INFO] pipeline.enrich_runner: [EnrichPipeline] [AFTER]  copying/copying.dita                               type=topic      shortdesc='See the information here to copy documents or photos using your produc…'
2026-09-24 10:16:00,910 [INFO] pipeline.enrich_runner: [EnrichPipeline]          keywords=['Copying', 'information', 'documents', 'photos', 'using', 'product'] | indexterms=['Copying', 'information', 'documents']
2026-09-24 10:16:00,910 [INFO] pipeline.enrich_runner: [EnrichPipeline] [AFTER]  copying/copying_documents_or_photos.dita           type=task       shortdesc='You can copy documents or photos onto various sizes and types of paper…'
2026-09-24 10:16:00,910 [INFO] pipeline.enrich_runner: [EnrichPipeline]          keywords=['button', 'placeholder', 'press', 'Press', 'arrow', 'print'] | indexterms=['button', 'placeholder', 'press']
2026-09-24 10:16:00,910 [INFO] pipeline.enrich_runner: [EnrichPipeline] [AFTER]  copying/copying_options.dita                       type=task       shortdesc='eawsgydgygDGDGYASDGYFGG'
2026-09-24 10:16:00,910 [INFO] pipeline.enrich_runner: [EnrichPipeline]          keywords=['original', 'Size', 'amount', 'Copying', 'Copies', 'Custom'] | indexterms=['original', 'Size', 'amount']
2026-09-24 10:16:00,910 [INFO] pipeline.enrich_runner: [EnrichPipeline] [AFTER]  loading_paper/borderless_paper_type_compatibility.dita type=concept    shortdesc='You can print borderless photos on compatible paper types in compatibl…'
2026-09-24 10:16:00,911 [INFO] pipeline.enrich_runner: [EnrichPipeline]          keywords=['Paper', 'MetR', 'Premium', 'Photo', 'inches', 'Borderless'] | indexterms=['Paper', 'MetR', 'Premium']
2026-09-24 10:16:00,911 [INFO] pipeline.enrich_runner: [EnrichPipeline] [AFTER]  loading_paper/compatible_metr_papers.dita          type=concept    shortdesc='You can purchase genuine MetR ink and paper at metR.com (U.S. sales) o…'
2026-09-24 10:16:00,911 [INFO] pipeline.enrich_runner: [EnrichPipeline]          keywords=['inches', 'MetR', 'Paper', 'Letter', 'Premium', 'Photo'] | indexterms=['inches', 'MetR', 'Paper']
2026-09-24 10:16:00,911 [INFO] pipeline.enrich_runner: [EnrichPipeline] [AFTER]  loading_paper/double_sided_printing_capacity.dita  type=concept    shortdesc='You can print double-sided using Auto or Manual mode on the following …'
2026-09-24 10:16:00,911 [INFO] pipeline.enrich_runner: [EnrichPipeline]          keywords=['Paper', 'MetR', 'inches', 'Premium', 'sided', 'paper'] | indexterms=['Paper', 'MetR', 'inches']
2026-09-24 10:16:00,911 [INFO] pipeline.enrich_runner: [EnrichPipeline] [AFTER]  loading_paper/loading_paper.dita                   type=topic      shortdesc='Before you print, load paper for the type of printing you will do.'
2026-09-24 10:16:00,911 [INFO] pipeline.enrich_runner: [EnrichPipeline]          keywords=['Loading', 'Paper', 'Before', 'print', 'paper', 'printing'] | indexterms=['Loading', 'Paper', 'Before']
2026-09-24 10:16:00,911 [INFO] pipeline.enrich_runner: [EnrichPipeline] [AFTER]  loading_paper/loading_paper_in_the_rear_paper_feeder.dita type=concept    shortdesc='You can print documents and photos on a variety of paper types and siz…'
2026-09-24 10:16:00,911 [INFO] pipeline.enrich_runner: [EnrichPipeline]          keywords=['paper', 'placeholder', 'loading', 'printing', 'first', 'Load'] | indexterms=['paper', 'placeholder', 'loading']
2026-09-24 10:16:00,911 [INFO] pipeline.enrich_runner: [EnrichPipeline] [AFTER]  loading_paper/paper_loading_capacity.dita          type=concept    shortdesc='See the table here for the loading capacity of the rear paper feeder.'
2026-09-24 10:16:00,911 [INFO] pipeline.enrich_runner: [EnrichPipeline]          keywords=['Paper', 'inches', 'MetR', 'Premium', 'paper', 'Photo'] | indexterms=['Paper', 'inches', 'MetR']
2026-09-24 10:16:00,911 [INFO] pipeline.enrich_runner: [EnrichPipeline] [AFTER]  loading_paper/paper_or_media_type_settings_control_panel.dita type=task       shortdesc='For this paper Select this paper Type or Media Type setting Plain pape…'
2026-09-24 10:16:00,911 [INFO] pipeline.enrich_runner: [EnrichPipeline]          keywords=['Paper', 'MetR', 'Premium', 'Glossy', 'Photo', 'Matte'] | indexterms=['Paper', 'MetR', 'Premium']
2026-09-24 10:16:00,912 [INFO] pipeline.enrich_runner: [EnrichPipeline] [AFTER]  loading_paper/paper_or_media_type_settings_printing_software.dita type=task       shortdesc='For this paper Select this paper Type or Media Type setting Plain pape…'
2026-09-24 10:16:00,912 [INFO] pipeline.enrich_runner: [EnrichPipeline]          keywords=['Paper', 'MetR', 'Premium', 'Photo', 'Glossy', 'Type'] | indexterms=['Paper', 'MetR', 'Premium']
2026-09-24 10:16:00,912 [INFO] pipeline.enrich_runner: [EnrichPipeline] [AFTER]  loading_paper/paper_source_settings_options.dita   type=task       shortdesc='Select the paper source options you want to use for your print jobs.'
2026-09-24 10:16:00,912 [INFO] pipeline.enrich_runner: [EnrichPipeline]          keywords=['paper', 'Paper', 'Select', 'Source', 'Settings', 'selected'] | indexterms=['paper', 'Paper', 'Select']
2026-09-24 10:16:00,912 [INFO] pipeline.enrich_runner: [EnrichPipeline] [AFTER]  loading_paper/selecting_the_default_paper_source_settings.dita type=task       shortdesc='You can change default paper source settings using the control panel o…'
2026-09-24 10:16:00,912 [INFO] pipeline.enrich_runner: [EnrichPipeline]          keywords=['Settings', 'error', 'Paper', 'Source', 'Select', 'occurs'] | indexterms=['Settings', 'error', 'Paper']
2026-09-24 10:16:00,912 [INFO] pipeline.enrich_runner: [EnrichPipeline] [AFTER]  loading_paper/selecting_the_paper_settings_control_panel.dita type=task       shortdesc='You can change the default paper size and paper type using the control…'
2026-09-24 10:16:00,912 [INFO] pipeline.enrich_runner: [EnrichPipeline]          keywords=['Paper', 'Select', 'paper', 'Settings', 'placeholder', 'Selecting'] | indexterms=['Paper', 'Select', 'paper']
2026-09-24 10:16:00,912 [INFO] pipeline.enrich_runner: [EnrichPipeline] [AFTER]  placing_originals_on_the_product/placing_originals_on_the_product.dita type=topic      shortdesc='Follow the instructions here to place your original documents or photo…'
2026-09-24 10:16:00,912 [INFO] pipeline.enrich_runner: [EnrichPipeline]          keywords=['Placing', 'Originals', 'Product', 'place', 'product', 'Follow'] | indexterms=['Placing', 'Originals', 'Product']
2026-09-24 10:16:00,912 [INFO] pipeline.enrich_runner: [EnrichPipeline] [AFTER]  placing_originals_on_the_product/placing_originals_on_the_scanner_glass.dita type=task       shortdesc='You can place originals up to this size on the scanner glass: Letter (…'
2026-09-24 10:16:00,913 [INFO] pipeline.enrich_runner: [EnrichPipeline]          keywords=['glass', 'scanner', 'placeholder', 'original', 'originals', 'Originals'] | indexterms=['glass', 'scanner', 'placeholder']
2026-09-24 10:16:00,913 [INFO] pipeline.enrich_runner: [EnrichPipeline] [AFTER]  product_basics/changing_lcd_screen_language.dita   type=task       shortdesc='You can change the language used on the LCD screen.'
2026-09-24 10:16:00,913 [INFO] pipeline.enrich_runner: [EnrichPipeline]          keywords=['Language', 'button', 'Changing', 'Screen', 'language', 'Press'] | indexterms=['Language', 'button', 'Changing']
2026-09-24 10:16:00,913 [INFO] pipeline.enrich_runner: [EnrichPipeline] [AFTER]  product_basics/changing_the_power_off_timer_setting_from_the_control_panel.dita type=task       shortdesc='You can use the product's control panel to change the time period befo…'
2026-09-24 10:16:00,913 [INFO] pipeline.enrich_runner: [EnrichPipeline]          keywords=['Power', 'Timer', 'button', 'Changing', 'Setting', 'Control'] | indexterms=['Power', 'Timer', 'button']
2026-09-24 10:16:00,913 [INFO] pipeline.enrich_runner: [EnrichPipeline] [AFTER]  product_basics/changing_the_sleep_timer_setting_from_the_control_panel.dita type=task       shortdesc='You can use the product's control panel to change the time period befo…'
2026-09-24 10:16:00,913 [INFO] pipeline.enrich_runner: [EnrichPipeline]          keywords=['button', 'product', 'Sleep', 'Timer', 'before', 'Press'] | indexterms=['button', 'product', 'Sleep']
2026-09-24 10:16:00,913 [INFO] pipeline.enrich_runner: [EnrichPipeline] [AFTER]  product_basics/entering_characters_on_the_lcd_screen.dita type=task       shortdesc='Follow these guidelines to enter characters for passwords and other se…'
2026-09-24 10:16:00,913 [INFO] pipeline.enrich_runner: [EnrichPipeline]          keywords=['placeholder', 'select', 'press', 'Entering', 'Characters', 'Screen'] | indexterms=['placeholder', 'select', 'press']
2026-09-24 10:16:00,913 [INFO] pipeline.enrich_runner: [EnrichPipeline] [AFTER]  product_basics/product_basics.dita                 type=topic      shortdesc='See these sections to learn about the basic features of your product.'
2026-09-24 10:16:00,913 [INFO] pipeline.enrich_runner: [EnrichPipeline]          keywords=['Product', 'Basics', 'these', 'sections', 'learn', 'about'] | indexterms=['Product', 'Basics', 'these']
2026-09-24 10:16:00,913 [INFO] pipeline.enrich_runner: [EnrichPipeline] [AFTER]  product_basics/product_parts_back.dita             type=topic      shortdesc='placeholder placeholder placeholder placeholder placeholder placeholde…'
2026-09-24 10:16:00,913 [INFO] pipeline.enrich_runner: [EnrichPipeline]          keywords=['placeholder', 'Product', 'Parts', 'Back', 'Rear', 'cover'] | indexterms=['placeholder', 'Product', 'Parts']
2026-09-24 10:16:00,914 [INFO] pipeline.enrich_runner: [EnrichPipeline] [AFTER]  product_basics/product_parts_front.dita            type=topic      shortdesc='placeholder placeholder'
2026-09-24 10:16:00,914 [INFO] pipeline.enrich_runner: [EnrichPipeline]          keywords=['Product', 'Parts', 'Front', 'placeholder', 'Rear', 'paper'] | indexterms=['Product', 'Parts', 'Front']
2026-09-24 10:16:00,914 [INFO] pipeline.enrich_runner: [EnrichPipeline] [AFTER]  product_basics/product_parts_inside.dita           type=topic      shortdesc='placeholder placeholder placeholder placeholder placeholder placeholde…'
2026-09-24 10:16:00,914 [INFO] pipeline.enrich_runner: [EnrichPipeline]          keywords=['placeholder', 'Product', 'Parts', 'Inside', 'cover', 'Scanner'] | indexterms=['placeholder', 'Product', 'Parts']
2026-09-24 10:16:00,914 [INFO] pipeline.enrich_runner: [EnrichPipeline] [AFTER]  product_basics/product_parts_locations.dita        type=topic      shortdesc='See these sections to identify the parts on your product.'
2026-09-24 10:16:00,914 [INFO] pipeline.enrich_runner: [EnrichPipeline]          keywords=['Product', 'Parts', 'Locations', 'these', 'sections', 'identify'] | indexterms=['Product', 'Parts', 'Locations']
2026-09-24 10:16:00,914 [INFO] pipeline.enrich_runner: [EnrichPipeline] [AFTER]  product_basics/status_icon_information.dita        type=concept    shortdesc='Your product displays status icons on the LCD screen for certain produ…'
2026-09-24 10:16:00,914 [INFO] pipeline.enrich_runner: [EnrichPipeline]          keywords=['placeholder', 'product', 'wireless', 'network', 'Status', 'Icon'] | indexterms=['placeholder', 'product', 'wireless']
2026-09-24 10:16:00,914 [INFO] pipeline.enrich_runner: [EnrichPipeline] [AFTER]  product_basics/the_lcd_screen.dita                 type=topic      shortdesc='placeholder placeholder placeholder'
2026-09-24 10:16:00,914 [INFO] pipeline.enrich_runner: [EnrichPipeline]          keywords=['placeholder', 'Screen', 'Displays', 'button', 'network', 'connection'] | indexterms=['placeholder', 'Screen', 'Displays']
2026-09-24 10:16:00,914 [INFO] pipeline.enrich_runner: [EnrichPipeline] [AFTER]  product_basics/using_power_saving_settings.dita    type=task       shortdesc='Your product enters sleep mode automatically and turns off the LCD scr…'
2026-09-24 10:16:00,914 [INFO] pipeline.enrich_runner: [EnrichPipeline]          keywords=['Using', 'Power', 'Saving', 'Settings', 'period', 'Your'] | indexterms=['Using', 'Power', 'Saving']
2026-09-24 10:16:00,915 [INFO] pipeline.enrich_runner: [EnrichPipeline] [AFTER]  product_basics/using_the_control_panel.dita        type=task       shortdesc='See these sections to learn about the control panel and select control…'
2026-09-24 10:16:00,915 [INFO] pipeline.enrich_runner: [EnrichPipeline]          keywords=['placeholder', 'button', 'Control', 'Panel', 'Using', 'control'] | indexterms=['placeholder', 'button', 'Control']
2026-09-24 10:16:00,915 [INFO] pipeline.enrich_runner: [EnrichPipeline] [AFTER]  product_basics/viewing_animations.dita             type=task       shortdesc='You can view animations on the LCD screen to help guide you with a pro…'
2026-09-24 10:16:00,915 [INFO] pipeline.enrich_runner: [EnrichPipeline]          keywords=['Viewing', 'Animations', 'screen', 'problem', 'Select', 'instructions'] | indexterms=['Viewing', 'Animations', 'screen']
2026-09-24 10:16:00,915 [INFO] pipeline.enrich_runner: [EnrichPipeline] [AFTER]  refilling_ink/check_ink_levels.dita                type=concept    shortdesc='Your product and its printing software will let you know when an ink t…'
2026-09-24 10:16:00,915 [INFO] pipeline.enrich_runner: [EnrichPipeline]          keywords=['Check', 'Levels', 'Your', 'product', 'printing', 'software'] | indexterms=['Check', 'Levels', 'Your']
2026-09-24 10:16:00,915 [INFO] pipeline.enrich_runner: [EnrichPipeline] [AFTER]  refilling_ink/checking_ink_levels_mac.dita         type=task       shortdesc='You can check your ink levels using a utility on your Mac.'
2026-09-24 10:16:00,915 [INFO] pipeline.enrich_runner: [EnrichPipeline]          keywords=['levels', 'select', 'Select', 'product', 'Checking', 'Levels'] | indexterms=['levels', 'select', 'Select']
2026-09-24 10:16:00,915 [INFO] pipeline.enrich_runner: [EnrichPipeline] [AFTER]  refilling_ink/checking_ink_levels_on_your_product.dita type=concept    shortdesc='To confirm the actual ink levels, visually check the ink levels in the…'
2026-09-24 10:16:00,915 [INFO] pipeline.enrich_runner: [EnrichPipeline]          keywords=['tanks', 'levels', 'product', 'lower', 'system', 'Checking'] | indexterms=['tanks', 'levels', 'product']
2026-09-24 10:16:00,915 [INFO] pipeline.enrich_runner: [EnrichPipeline] [AFTER]  refilling_ink/checking_ink_levels_windows.dita     type=concept    shortdesc='A low ink reminder appears if you try to print when ink is low, and'
2026-09-24 10:16:00,915 [INFO] pipeline.enrich_runner: [EnrichPipeline]          keywords=['Windows', 'levels', 'placeholder', 'check', 'click', 'product'] | indexterms=['Windows', 'levels', 'placeholder']
2026-09-24 10:16:00,915 [INFO] pipeline.enrich_runner: [EnrichPipeline] [AFTER]  refilling_ink/disabling_special_offers_with_windows.dita type=task       shortdesc='You can disable special offers messages from MetR using a utility on y…'
2026-09-24 10:16:00,915 [INFO] pipeline.enrich_runner: [EnrichPipeline]          keywords=['Windows', 'placeholder', 'Offers', 'right', 'click', 'Disabling'] | indexterms=['Windows', 'placeholder', 'Offers']
2026-09-24 10:16:00,915 [INFO] pipeline.enrich_runner: [EnrichPipeline] [AFTER]  refilling_ink/ink_bottle_part_numbers.dita         type=topic      shortdesc='Use these part numbers when you order or purchase new ink bottles, and…'
2026-09-24 10:16:00,915 [INFO] pipeline.enrich_runner: [EnrichPipeline]          keywords=['Part', 'Bottle', 'Numbers', 'these', 'numbers', 'order'] | indexterms=['Part', 'Bottle', 'Numbers']
2026-09-24 10:16:00,915 [INFO] pipeline.enrich_runner: [EnrichPipeline] [AFTER]  refilling_ink/ink_safety_precautions.dita          type=concept    shortdesc='As a precaution, perform regular visual inspections of the ink tanks t…'
2026-09-24 10:16:00,915 [INFO] pipeline.enrich_runner: [EnrichPipeline]          keywords=['product', 'bottles', 'bottle', 'tanks', 'print', 'levels'] | indexterms=['product', 'bottles', 'bottle']
2026-09-24 10:16:00,915 [INFO] pipeline.enrich_runner: [EnrichPipeline] [AFTER]  refilling_ink/purchase_metr_ink.dita               type=concept    shortdesc='You can purchase genuine MetR ink and paper at metR.com (U.S. sales) o…'
2026-09-24 10:16:00,915 [INFO] pipeline.enrich_runner: [EnrichPipeline]          keywords=['MetR', 'printer', 'bottles', 'Purchase', 'purchase', 'paper'] | indexterms=['MetR', 'printer', 'bottles']
2026-09-24 10:16:00,916 [INFO] pipeline.enrich_runner: [EnrichPipeline] [AFTER]  refilling_ink/refilling_ink.dita                   type=concept    shortdesc='When the ink level is below the lower line on an ink tank, you need'
2026-09-24 10:16:00,916 [INFO] pipeline.enrich_runner: [EnrichPipeline]          keywords=['level', 'below', 'lower', 'Refilling', 'product', 'When'] | indexterms=['level', 'below', 'lower']
2026-09-24 10:16:00,916 [INFO] pipeline.enrich_runner: [EnrichPipeline] [AFTER]  refilling_ink/refilling_the_ink_tanks.dita         type=task       shortdesc='Make sure you have new ink bottles handy and have read the ink safety …'
2026-09-24 10:16:00,916 [INFO] pipeline.enrich_runner: [EnrichPipeline]          keywords=['bottle', 'placeholder', 'product', 'tanks', 'color', 'close'] | indexterms=['bottle', 'placeholder', 'product']
2026-09-24 10:16:00,916 [INFO] pipeline.enrich_runner: [EnrichPipeline] Alt text — filled=0, skipped=0
2026-09-24 10:16:00,919 [INFO] pipeline.enrich_runner: [EnrichPipeline] ── Layer 5: Quality Review ──
2026-09-24 10:16:00,924 [INFO] layers.layer5_quality_autofix: L4 › adjusting_print_quality/adjusting_print_quality.dita
2026-09-24 10:16:00,924 [INFO] layers.layer5_quality_autofix: L4 › adjusting_print_quality/aligning_the_print_head_using_the_product_control_panel.dita
2026-09-24 10:16:00,924 [INFO] layers.layer5_quality_autofix: L4 › adjusting_print_quality/checking_the_nozzles_using_a_computer_utility.dita
2026-09-24 10:16:00,925 [INFO] layers.layer5_quality_autofix: L4 › adjusting_print_quality/checking_the_nozzles_using_the_product_control_panel.dita
2026-09-24 10:16:00,925 [INFO] layers.layer5_quality_autofix: L4 › adjusting_print_quality/checking_the_number_of_sheets_fed.dita
2026-09-24 10:16:00,925 [INFO] layers.layer5_quality_autofix: L4 › adjusting_print_quality/checking_the_number_of_sheets_on_the_lcd_screen.dita
2026-09-24 10:16:00,925 [INFO] layers.layer5_quality_autofix: L4 › adjusting_print_quality/checking_the_sheet_counter_mac.dita
2026-09-24 10:16:00,925 [INFO] layers.layer5_quality_autofix: L4 › adjusting_print_quality/checking_the_sheet_counter_windows.dita
2026-09-24 10:16:00,926 [INFO] layers.layer5_quality_autofix: L4 › adjusting_print_quality/cleaning_the_paper_guide.dita
2026-09-24 10:16:00,926 [INFO] layers.layer5_quality_autofix: L4 › adjusting_print_quality/cleaning_the_print_head_path.dita
2026-09-24 10:16:00,926 [INFO] layers.layer5_quality_autofix: L4 › adjusting_print_quality/cleaning_the_print_head_using_a_computer_utility.dita
2026-09-24 10:16:00,926 [INFO] layers.layer5_quality_autofix: L4 › adjusting_print_quality/cleaning_the_print_head_using_the_product_control_panel.dita
2026-09-24 10:16:00,926 [INFO] layers.layer5_quality_autofix: L4 › adjusting_print_quality/power_cleaning.dita
2026-09-24 10:16:00,927 [INFO] layers.layer5_quality_autofix: L4 › adjusting_print_quality/power_cleaning_using_a_computer_utility.dita
2026-09-24 10:16:00,927 [INFO] layers.layer5_quality_autofix: L4 › adjusting_print_quality/power_cleaning_using_the_product_control_panel.dita
2026-09-24 10:16:00,927 [INFO] layers.layer5_quality_autofix: L4 › adjusting_print_quality/print_head_alignment.dita
2026-09-24 10:16:00,927 [INFO] layers.layer5_quality_autofix: L4 › adjusting_print_quality/print_head_cleaning.dita
2026-09-24 10:16:00,927 [INFO] layers.layer5_quality_autofix: L4 › adjusting_print_quality/print_head_maintenance.dita
2026-09-24 10:16:00,927 [INFO] layers.layer5_quality_autofix: L4 › adjusting_print_quality/print_head_nozzle_check.dita
2026-09-24 10:16:00,927 [INFO] layers.layer5_quality_autofix: L4 › cleaning_and_transporting_your_product/cleaning_and_transporting_your_product.dita
2026-09-24 10:16:00,928 [INFO] layers.layer5_quality_autofix: L4 › cleaning_and_transporting_your_product/cleaning_your_product.dita
2026-09-24 10:16:00,928 [INFO] layers.layer5_quality_autofix: L4 › cleaning_and_transporting_your_product/copyright_notice.dita
2026-09-24 10:16:00,928 [INFO] layers.layer5_quality_autofix: L4 › cleaning_and_transporting_your_product/transporting_your_product.dita
2026-09-24 10:16:00,928 [INFO] layers.layer5_quality_autofix: L4 › copying/copying.dita
2026-09-24 10:16:00,928 [INFO] layers.layer5_quality_autofix: L4 › copying/copying_documents_or_photos.dita
2026-09-24 10:16:00,928 [INFO] layers.layer5_quality_autofix: L4 › copying/copying_options.dita
2026-09-24 10:16:00,929 [INFO] layers.layer5_quality_autofix: L4 › loading_paper/borderless_paper_type_compatibility.dita
2026-09-24 10:16:00,929 [INFO] layers.layer5_quality_autofix: L4 › loading_paper/compatible_metr_papers.dita
2026-09-24 10:16:00,929 [INFO] layers.layer5_quality_autofix: L4 › loading_paper/double_sided_printing_capacity.dita
2026-09-24 10:16:00,929 [INFO] layers.layer5_quality_autofix: L4 › loading_paper/loading_paper.dita
2026-09-24 10:16:00,929 [INFO] layers.layer5_quality_autofix: L4 › loading_paper/loading_paper_in_the_rear_paper_feeder.dita
2026-09-24 10:16:00,930 [INFO] layers.layer5_quality_autofix: L4 › loading_paper/paper_loading_capacity.dita
2026-09-24 10:16:00,930 [INFO] layers.layer5_quality_autofix: L4 › loading_paper/paper_or_media_type_settings_control_panel.dita
2026-09-24 10:16:00,930 [INFO] layers.layer5_quality_autofix: L4 › loading_paper/paper_or_media_type_settings_printing_software.dita
2026-09-24 10:16:00,930 [INFO] layers.layer5_quality_autofix: L4 › loading_paper/paper_source_settings_options.dita
2026-09-24 10:16:00,930 [INFO] layers.layer5_quality_autofix: L4 › loading_paper/selecting_the_default_paper_source_settings.dita
2026-09-24 10:16:00,930 [INFO] layers.layer5_quality_autofix: L4 › loading_paper/selecting_the_paper_settings_control_panel.dita
2026-09-24 10:16:00,931 [INFO] layers.layer5_quality_autofix: L4 › placing_originals_on_the_product/placing_originals_on_the_product.dita
2026-09-24 10:16:00,931 [INFO] layers.layer5_quality_autofix: L4 › placing_originals_on_the_product/placing_originals_on_the_scanner_glass.dita
2026-09-24 10:16:00,931 [INFO] layers.layer5_quality_autofix: L4 › product_basics/changing_lcd_screen_language.dita
2026-09-24 10:16:00,931 [INFO] layers.layer5_quality_autofix: L4 › product_basics/changing_the_power_off_timer_setting_from_the_control_panel.dita
2026-09-24 10:16:00,931 [INFO] layers.layer5_quality_autofix: L4 › product_basics/changing_the_sleep_timer_setting_from_the_control_panel.dita
2026-09-24 10:16:00,931 [INFO] layers.layer5_quality_autofix: L4 › product_basics/entering_characters_on_the_lcd_screen.dita
2026-09-24 10:16:00,932 [INFO] layers.layer5_quality_autofix: L4 › product_basics/product_basics.dita
2026-09-24 10:16:00,932 [INFO] layers.layer5_quality_autofix: L4 › product_basics/product_parts_back.dita
2026-09-24 10:16:00,932 [INFO] layers.layer5_quality_autofix: L4 › product_basics/product_parts_front.dita
2026-09-24 10:16:00,932 [INFO] layers.layer5_quality_autofix: L4 › product_basics/product_parts_inside.dita
2026-09-24 10:16:00,932 [INFO] layers.layer5_quality_autofix: L4 › product_basics/product_parts_locations.dita
2026-09-24 10:16:00,932 [INFO] layers.layer5_quality_autofix: L4 › product_basics/status_icon_information.dita
2026-09-24 10:16:00,932 [INFO] layers.layer5_quality_autofix: L4 › product_basics/the_lcd_screen.dita
2026-09-24 10:16:00,932 [INFO] layers.layer5_quality_autofix: L4 › product_basics/using_power_saving_settings.dita
2026-09-24 10:16:00,933 [INFO] layers.layer5_quality_autofix: L4 › product_basics/using_the_control_panel.dita
2026-09-24 10:16:00,933 [INFO] layers.layer5_quality_autofix: L4 › product_basics/viewing_animations.dita
2026-09-24 10:16:00,933 [INFO] layers.layer5_quality_autofix: L4 › refilling_ink/check_ink_levels.dita
2026-09-24 10:16:00,933 [INFO] layers.layer5_quality_autofix: L4 › refilling_ink/checking_ink_levels_mac.dita
2026-09-24 10:16:00,933 [INFO] layers.layer5_quality_autofix: L4 › refilling_ink/checking_ink_levels_on_your_product.dita
2026-09-24 10:16:00,933 [INFO] layers.layer5_quality_autofix: L4 › refilling_ink/checking_ink_levels_windows.dita
2026-09-24 10:16:00,933 [INFO] layers.layer5_quality_autofix: L4 › refilling_ink/disabling_special_offers_with_windows.dita
2026-09-24 10:16:00,933 [INFO] layers.layer5_quality_autofix: L4 › refilling_ink/ink_bottle_part_numbers.dita
2026-09-24 10:16:00,933 [INFO] layers.layer5_quality_autofix: L4 › refilling_ink/ink_safety_precautions.dita
2026-09-24 10:16:00,933 [INFO] layers.layer5_quality_autofix: L4 › refilling_ink/purchase_metr_ink.dita
2026-09-24 10:16:00,933 [INFO] layers.layer5_quality_autofix: L4 › refilling_ink/refilling_ink.dita
2026-09-24 10:16:00,933 [INFO] layers.layer5_quality_autofix: L4 › refilling_ink/refilling_the_ink_tanks.dita
2026-09-24 10:16:00,934 [INFO] layers.layer5_quality_autofix: L4 › review 63/63 topics (0 skipped)
2026-09-24 10:16:01,224 [INFO] httpx2: HTTP Request: POST https://api.anthropic.com/v1/messages "HTTP/1.1 401 Unauthorized"
2026-09-24 10:16:01,225 [WARNING] layers.layer5_quality_autofix: L4 ✗ review: Error code: 401 - {'type': 'error', 'error': {'type': 'authentication_error', 'message': 'API key is invalid.'}, 'request_id': None}
2026-09-24 10:16:01,225 [INFO] pipeline.enrich_runner: [EnrichPipeline] Layer 5 review — quality=fair, accuracy=0%
2026-09-24 10:16:01,226 [INFO] pipeline.enrich_runner: [EnrichPipeline] ── Layer 5: Autofix ──
2026-09-24 10:16:01,226 [INFO] layers.layer5_quality_autofix: L4 › autofix: 0 broken
2026-09-24 10:16:01,230 [INFO] pipeline.enrich_runner: [EnrichPipeline] Layer 5 autofix — fixed=0, flagged=0, failed=0
2026-09-24 10:16:01,230 [INFO] pipeline.enrich_runner: [EnrichPipeline] ── Layer 6: Final Validation ──
2026-09-24 10:16:01,230 [INFO] layers.layer6_final_validation: L5 ── structural validation start
2026-09-24 10:16:01,231 [INFO] layers.layer6_final_validation: L5 ⚠ adjusting_print_quality/adjusting_print_quality.dita — 1 issue(s)
2026-09-24 10:16:01,232 [INFO] layers.layer6_final_validation: L5 ⚠ adjusting_print_quality/aligning_the_print_head_using_the_product_control_panel.dita — 1 issue(s)
2026-09-24 10:16:01,233 [INFO] layers.layer6_final_validation: L5 ⚠ adjusting_print_quality/checking_the_nozzles_using_a_computer_utility.dita — 1 issue(s)
2026-09-24 10:16:01,234 [INFO] layers.layer6_final_validation: L5 ⚠ adjusting_print_quality/checking_the_nozzles_using_the_product_control_panel.dita — 1 issue(s)
2026-09-24 10:16:01,235 [INFO] layers.layer6_final_validation: L5 ⚠ adjusting_print_quality/checking_the_number_of_sheets_fed.dita — 1 issue(s)
2026-09-24 10:16:01,236 [INFO] layers.layer6_final_validation: L5 ⚠ adjusting_print_quality/checking_the_number_of_sheets_on_the_lcd_screen.dita — 1 issue(s)
2026-09-24 10:16:01,237 [INFO] layers.layer6_final_validation: L5 ⚠ adjusting_print_quality/checking_the_sheet_counter_mac.dita — 1 issue(s)
2026-09-24 10:16:01,238 [INFO] layers.layer6_final_validation: L5 ⚠ adjusting_print_quality/checking_the_sheet_counter_windows.dita — 1 issue(s)
2026-09-24 10:16:01,239 [INFO] layers.layer6_final_validation: L5 ⚠ adjusting_print_quality/cleaning_the_paper_guide.dita — 1 issue(s)
2026-09-24 10:16:01,240 [INFO] layers.layer6_final_validation: L5 ⚠ adjusting_print_quality/cleaning_the_print_head_path.dita — 1 issue(s)
2026-09-24 10:16:01,241 [INFO] layers.layer6_final_validation: L5 ⚠ adjusting_print_quality/cleaning_the_print_head_using_a_computer_utility.dita — 1 issue(s)
2026-09-24 10:16:01,242 [INFO] layers.layer6_final_validation: L5 ⚠ adjusting_print_quality/cleaning_the_print_head_using_the_product_control_panel.dita — 1 issue(s)
2026-09-24 10:16:01,243 [INFO] layers.layer6_final_validation: L5 ⚠ adjusting_print_quality/power_cleaning.dita — 1 issue(s)
2026-09-24 10:16:01,244 [INFO] layers.layer6_final_validation: L5 ⚠ adjusting_print_quality/power_cleaning_using_a_computer_utility.dita — 1 issue(s)
2026-09-24 10:16:01,245 [INFO] layers.layer6_final_validation: L5 ⚠ adjusting_print_quality/power_cleaning_using_the_product_control_panel.dita — 1 issue(s)
2026-09-24 10:16:01,246 [INFO] layers.layer6_final_validation: L5 ⚠ adjusting_print_quality/print_head_alignment.dita — 1 issue(s)
2026-09-24 10:16:01,247 [INFO] layers.layer6_final_validation: L5 ⚠ adjusting_print_quality/print_head_cleaning.dita — 1 issue(s)
2026-09-24 10:16:01,248 [INFO] layers.layer6_final_validation: L5 ⚠ adjusting_print_quality/print_head_maintenance.dita — 1 issue(s)
2026-09-24 10:16:01,249 [INFO] layers.layer6_final_validation: L5 ⚠ adjusting_print_quality/print_head_nozzle_check.dita — 1 issue(s)
2026-09-24 10:16:01,249 [INFO] layers.layer6_final_validation: L5 ⚠ cleaning_and_transporting_your_product/cleaning_and_transporting_your_product.dita — 1 issue(s)
2026-09-24 10:16:01,250 [INFO] layers.layer6_final_validation: L5 ⚠ cleaning_and_transporting_your_product/cleaning_your_product.dita — 1 issue(s)
2026-09-24 10:16:01,251 [INFO] layers.layer6_final_validation: L5 ⚠ cleaning_and_transporting_your_product/copyright_notice.dita — 1 issue(s)
2026-09-24 10:16:01,252 [INFO] layers.layer6_final_validation: L5 ⚠ cleaning_and_transporting_your_product/transporting_your_product.dita — 1 issue(s)
2026-09-24 10:16:01,253 [INFO] layers.layer6_final_validation: L5 ⚠ copying/copying.dita — 1 issue(s)
2026-09-24 10:16:01,254 [INFO] layers.layer6_final_validation: L5 ⚠ copying/copying_documents_or_photos.dita — 1 issue(s)
2026-09-24 10:16:01,255 [INFO] layers.layer6_final_validation: L5 ⚠ copying/copying_options.dita — 1 issue(s)
2026-09-24 10:16:01,256 [INFO] layers.layer6_final_validation: L5 ⚠ loading_paper/borderless_paper_type_compatibility.dita — 1 issue(s)
2026-09-24 10:16:01,257 [INFO] layers.layer6_final_validation: L5 ⚠ loading_paper/compatible_metr_papers.dita — 1 issue(s)
2026-09-24 10:16:01,258 [INFO] layers.layer6_final_validation: L5 ⚠ loading_paper/double_sided_printing_capacity.dita — 1 issue(s)
2026-09-24 10:16:01,259 [INFO] layers.layer6_final_validation: L5 ⚠ loading_paper/loading_paper.dita — 1 issue(s)
2026-09-24 10:16:01,260 [INFO] layers.layer6_final_validation: L5 ⚠ loading_paper/loading_paper_in_the_rear_paper_feeder.dita — 1 issue(s)
2026-09-24 10:16:01,261 [INFO] layers.layer6_final_validation: L5 ⚠ loading_paper/paper_loading_capacity.dita — 1 issue(s)
2026-09-24 10:16:01,262 [INFO] layers.layer6_final_validation: L5 ⚠ loading_paper/paper_or_media_type_settings_control_panel.dita — 1 issue(s)
2026-09-24 10:16:01,263 [INFO] layers.layer6_final_validation: L5 ⚠ loading_paper/paper_or_media_type_settings_printing_software.dita — 1 issue(s)
2026-09-24 10:16:01,264 [INFO] layers.layer6_final_validation: L5 ⚠ loading_paper/paper_source_settings_options.dita — 1 issue(s)
2026-09-24 10:16:01,265 [INFO] layers.layer6_final_validation: L5 ⚠ loading_paper/selecting_the_default_paper_source_settings.dita — 1 issue(s)
2026-09-24 10:16:01,266 [INFO] layers.layer6_final_validation: L5 ⚠ loading_paper/selecting_the_paper_settings_control_panel.dita — 1 issue(s)
2026-09-24 10:16:01,267 [INFO] layers.layer6_final_validation: L5 ⚠ placing_originals_on_the_product/placing_originals_on_the_product.dita — 1 issue(s)
2026-09-24 10:16:01,268 [INFO] layers.layer6_final_validation: L5 ⚠ placing_originals_on_the_product/placing_originals_on_the_scanner_glass.dita — 1 issue(s)
2026-09-24 10:16:01,268 [INFO] layers.layer6_final_validation: L5 ⚠ product_basics/changing_lcd_screen_language.dita — 1 issue(s)
2026-09-24 10:16:01,269 [INFO] layers.layer6_final_validation: L5 ⚠ product_basics/changing_the_power_off_timer_setting_from_the_control_panel.dita — 1 issue(s)
2026-09-24 10:16:01,270 [INFO] layers.layer6_final_validation: L5 ⚠ product_basics/changing_the_sleep_timer_setting_from_the_control_panel.dita — 1 issue(s)
2026-09-24 10:16:01,271 [INFO] layers.layer6_final_validation: L5 ⚠ product_basics/entering_characters_on_the_lcd_screen.dita — 1 issue(s)
2026-09-24 10:16:01,272 [INFO] layers.layer6_final_validation: L5 ⚠ product_basics/product_basics.dita — 1 issue(s)
2026-09-24 10:16:01,273 [INFO] layers.layer6_final_validation: L5 ⚠ product_basics/product_parts_back.dita — 1 issue(s)
2026-09-24 10:16:01,274 [INFO] layers.layer6_final_validation: L5 ⚠ product_basics/product_parts_front.dita — 1 issue(s)
2026-09-24 10:16:01,275 [INFO] layers.layer6_final_validation: L5 ⚠ product_basics/product_parts_inside.dita — 1 issue(s)
2026-09-24 10:16:01,276 [INFO] layers.layer6_final_validation: L5 ⚠ product_basics/product_parts_locations.dita — 1 issue(s)
2026-09-24 10:16:01,277 [INFO] layers.layer6_final_validation: L5 ⚠ product_basics/status_icon_information.dita — 1 issue(s)
2026-09-24 10:16:01,277 [INFO] layers.layer6_final_validation: L5 ⚠ product_basics/the_lcd_screen.dita — 1 issue(s)
2026-09-24 10:16:01,278 [INFO] layers.layer6_final_validation: L5 ⚠ product_basics/using_power_saving_settings.dita — 1 issue(s)
2026-09-24 10:16:01,279 [INFO] layers.layer6_final_validation: L5 ⚠ product_basics/using_the_control_panel.dita — 1 issue(s)
2026-09-24 10:16:01,280 [INFO] layers.layer6_final_validation: L5 ⚠ product_basics/viewing_animations.dita — 1 issue(s)
2026-09-24 10:16:01,281 [INFO] layers.layer6_final_validation: L5 ⚠ refilling_ink/check_ink_levels.dita — 1 issue(s)
2026-09-24 10:16:01,282 [INFO] layers.layer6_final_validation: L5 ⚠ refilling_ink/checking_ink_levels_mac.dita — 1 issue(s)
2026-09-24 10:16:01,283 [INFO] layers.layer6_final_validation: L5 ⚠ refilling_ink/checking_ink_levels_on_your_product.dita — 1 issue(s)
2026-09-24 10:16:01,284 [INFO] layers.layer6_final_validation: L5 ⚠ refilling_ink/checking_ink_levels_windows.dita — 1 issue(s)
2026-09-24 10:16:01,284 [INFO] layers.layer6_final_validation: L5 ⚠ refilling_ink/disabling_special_offers_with_windows.dita — 1 issue(s)
2026-09-24 10:16:01,285 [INFO] layers.layer6_final_validation: L5 ⚠ refilling_ink/ink_bottle_part_numbers.dita — 1 issue(s)
2026-09-24 10:16:01,286 [INFO] layers.layer6_final_validation: L5 ⚠ refilling_ink/ink_safety_precautions.dita — 1 issue(s)
2026-09-24 10:16:01,287 [INFO] layers.layer6_final_validation: L5 ⚠ refilling_ink/purchase_metr_ink.dita — 1 issue(s)
2026-09-24 10:16:01,288 [INFO] layers.layer6_final_validation: L5 ⚠ refilling_ink/refilling_ink.dita — 1 issue(s)
2026-09-24 10:16:01,289 [INFO] layers.layer6_final_validation: L5 ⚠ refilling_ink/refilling_the_ink_tanks.dita — 1 issue(s)
2026-09-24 10:16:01,289 [INFO] layers.layer6_final_validation: L5 ✓ done pass=True acc=100% crit=0 err=0 warn=63
2026-09-24 10:16:01,289 [INFO] layers.layer6_final_validation: L5 DTD schema start
2026-09-24 10:16:01,291 [INFO] utils.dita_schema_validator: [SchemaValidator] VALID    adjusting_print_quality.dita
2026-09-24 10:16:01,291 [INFO] utils.dita_schema_validator: [SchemaValidator] VALID    aligning_the_print_head_using_the_product_control_panel.dita
2026-09-24 10:16:01,292 [INFO] utils.dita_schema_validator: [SchemaValidator] VALID    checking_the_nozzles_using_a_computer_utility.dita
2026-09-24 10:16:01,292 [INFO] utils.dita_schema_validator: [SchemaValidator] VALID    checking_the_nozzles_using_the_product_control_panel.dita
2026-09-24 10:16:01,292 [INFO] utils.dita_schema_validator: [SchemaValidator] VALID    checking_the_number_of_sheets_fed.dita
2026-09-24 10:16:01,293 [INFO] utils.dita_schema_validator: [SchemaValidator] VALID    checking_the_number_of_sheets_on_the_lcd_screen.dita
2026-09-24 10:16:01,293 [INFO] utils.dita_schema_validator: [SchemaValidator] VALID    checking_the_sheet_counter_mac.dita
2026-09-24 10:16:01,293 [INFO] utils.dita_schema_validator: [SchemaValidator] VALID    checking_the_sheet_counter_windows.dita
2026-09-24 10:16:01,294 [INFO] utils.dita_schema_validator: [SchemaValidator] VALID    cleaning_the_paper_guide.dita
2026-09-24 10:16:01,294 [INFO] utils.dita_schema_validator: [SchemaValidator] VALID    cleaning_the_print_head_path.dita
2026-09-24 10:16:01,295 [INFO] utils.dita_schema_validator: [SchemaValidator] VALID    cleaning_the_print_head_using_a_computer_utility.dita
2026-09-24 10:16:01,295 [INFO] utils.dita_schema_validator: [SchemaValidator] VALID    cleaning_the_print_head_using_the_product_control_panel.dita
2026-09-24 10:16:01,296 [INFO] utils.dita_schema_validator: [SchemaValidator] VALID    power_cleaning.dita
2026-09-24 10:16:01,296 [INFO] utils.dita_schema_validator: [SchemaValidator] VALID    power_cleaning_using_a_computer_utility.dita
2026-09-24 10:16:01,296 [INFO] utils.dita_schema_validator: [SchemaValidator] VALID    power_cleaning_using_the_product_control_panel.dita
2026-09-24 10:16:01,297 [INFO] utils.dita_schema_validator: [SchemaValidator] VALID    print_head_alignment.dita
2026-09-24 10:16:01,297 [INFO] utils.dita_schema_validator: [SchemaValidator] VALID    print_head_cleaning.dita
2026-09-24 10:16:01,297 [INFO] utils.dita_schema_validator: [SchemaValidator] VALID    print_head_maintenance.dita
2026-09-24 10:16:01,298 [INFO] utils.dita_schema_validator: [SchemaValidator] VALID    print_head_nozzle_check.dita
2026-09-24 10:16:01,298 [INFO] utils.dita_schema_validator: [SchemaValidator] VALID    cleaning_and_transporting_your_product.dita
2026-09-24 10:16:01,298 [INFO] utils.dita_schema_validator: [SchemaValidator] VALID    cleaning_your_product.dita
2026-09-24 10:16:01,298 [INFO] utils.dita_schema_validator: [SchemaValidator] VALID    copyright_notice.dita
2026-09-24 10:16:01,299 [INFO] utils.dita_schema_validator: [SchemaValidator] VALID    transporting_your_product.dita
2026-09-24 10:16:01,299 [INFO] utils.dita_schema_validator: [SchemaValidator] VALID    copying.dita
2026-09-24 10:16:01,300 [INFO] utils.dita_schema_validator: [SchemaValidator] VALID    copying_documents_or_photos.dita
2026-09-24 10:16:01,300 [INFO] utils.dita_schema_validator: [SchemaValidator] VALID    copying_options.dita
2026-09-24 10:16:01,300 [INFO] utils.dita_schema_validator: [SchemaValidator] VALID    borderless_paper_type_compatibility.dita
2026-09-24 10:16:01,301 [INFO] utils.dita_schema_validator: [SchemaValidator] VALID    compatible_metr_papers.dita
2026-09-24 10:16:01,301 [INFO] utils.dita_schema_validator: [SchemaValidator] VALID    double_sided_printing_capacity.dita
2026-09-24 10:16:01,302 [INFO] utils.dita_schema_validator: [SchemaValidator] VALID    loading_paper.dita
2026-09-24 10:16:01,302 [INFO] utils.dita_schema_validator: [SchemaValidator] VALID    loading_paper_in_the_rear_paper_feeder.dita
2026-09-24 10:16:01,303 [INFO] utils.dita_schema_validator: [SchemaValidator] VALID    paper_loading_capacity.dita
2026-09-24 10:16:01,303 [INFO] utils.dita_schema_validator: [SchemaValidator] VALID    paper_or_media_type_settings_control_panel.dita
2026-09-24 10:16:01,304 [INFO] utils.dita_schema_validator: [SchemaValidator] VALID    paper_or_media_type_settings_printing_software.dita
2026-09-24 10:16:01,304 [INFO] utils.dita_schema_validator: [SchemaValidator] VALID    paper_source_settings_options.dita
2026-09-24 10:16:01,304 [INFO] utils.dita_schema_validator: [SchemaValidator] VALID    selecting_the_default_paper_source_settings.dita
2026-09-24 10:16:01,305 [INFO] utils.dita_schema_validator: [SchemaValidator] VALID    selecting_the_paper_settings_control_panel.dita
2026-09-24 10:16:01,305 [INFO] utils.dita_schema_validator: [SchemaValidator] VALID    placing_originals_on_the_product.dita
2026-09-24 10:16:01,305 [INFO] utils.dita_schema_validator: [SchemaValidator] VALID    placing_originals_on_the_scanner_glass.dita
2026-09-24 10:16:01,306 [INFO] utils.dita_schema_validator: [SchemaValidator] VALID    changing_lcd_screen_language.dita
2026-09-24 10:16:01,306 [INFO] utils.dita_schema_validator: [SchemaValidator] VALID    changing_the_power_off_timer_setting_from_the_control_panel.dita
2026-09-24 10:16:01,306 [INFO] utils.dita_schema_validator: [SchemaValidator] VALID    changing_the_sleep_timer_setting_from_the_control_panel.dita
2026-09-24 10:16:01,307 [INFO] utils.dita_schema_validator: [SchemaValidator] VALID    entering_characters_on_the_lcd_screen.dita
2026-09-24 10:16:01,307 [INFO] utils.dita_schema_validator: [SchemaValidator] VALID    product_basics.dita
2026-09-24 10:16:01,307 [INFO] utils.dita_schema_validator: [SchemaValidator] VALID    product_parts_back.dita
2026-09-24 10:16:01,308 [INFO] utils.dita_schema_validator: [SchemaValidator] VALID    product_parts_front.dita
2026-09-24 10:16:01,308 [INFO] utils.dita_schema_validator: [SchemaValidator] VALID    product_parts_inside.dita
2026-09-24 10:16:01,308 [INFO] utils.dita_schema_validator: [SchemaValidator] VALID    product_parts_locations.dita
2026-09-24 10:16:01,308 [INFO] utils.dita_schema_validator: [SchemaValidator] VALID    status_icon_information.dita
2026-09-24 10:16:01,309 [INFO] utils.dita_schema_validator: [SchemaValidator] VALID    the_lcd_screen.dita
2026-09-24 10:16:01,309 [INFO] utils.dita_schema_validator: [SchemaValidator] VALID    using_power_saving_settings.dita
2026-09-24 10:16:01,309 [INFO] utils.dita_schema_validator: [SchemaValidator] VALID    using_the_control_panel.dita
2026-09-24 10:16:01,310 [INFO] utils.dita_schema_validator: [SchemaValidator] VALID    viewing_animations.dita
2026-09-24 10:16:01,310 [INFO] utils.dita_schema_validator: [SchemaValidator] VALID    check_ink_levels.dita
2026-09-24 10:16:01,310 [INFO] utils.dita_schema_validator: [SchemaValidator] VALID    checking_ink_levels_mac.dita
2026-09-24 10:16:01,311 [INFO] utils.dita_schema_validator: [SchemaValidator] VALID    checking_ink_levels_on_your_product.dita
2026-09-24 10:16:01,311 [INFO] utils.dita_schema_validator: [SchemaValidator] VALID    checking_ink_levels_windows.dita
2026-09-24 10:16:01,311 [INFO] utils.dita_schema_validator: [SchemaValidator] VALID    disabling_special_offers_with_windows.dita
2026-09-24 10:16:01,312 [INFO] utils.dita_schema_validator: [SchemaValidator] VALID    ink_bottle_part_numbers.dita
2026-09-24 10:16:01,312 [INFO] utils.dita_schema_validator: [SchemaValidator] VALID    ink_safety_precautions.dita
2026-09-24 10:16:01,312 [INFO] utils.dita_schema_validator: [SchemaValidator] VALID    purchase_metr_ink.dita
2026-09-24 10:16:01,313 [INFO] utils.dita_schema_validator: [SchemaValidator] VALID    refilling_ink.dita
2026-09-24 10:16:01,313 [INFO] utils.dita_schema_validator: [SchemaValidator] VALID    refilling_the_ink_tanks.dita
2026-09-24 10:16:01,313 [INFO] utils.dita_schema_validator: [SchemaValidator] ── DONE ── schema_passed=True, valid=63/63
2026-09-24 10:16:01,313 [INFO] layers.layer6_final_validation: L5 DTD schema pass=True valid=63/63
2026-09-24 10:16:01,313 [INFO] pipeline.enrich_runner: [EnrichPipeline] Layer 6 — passed=True, accuracy=100%
2026-09-24 10:16:01,314 [INFO] pipeline.enrich_runner: [EnrichPipeline] ── Post-Enrichment Structural Validation ──
2026-09-24 10:16:01,314 [INFO] utils.structure_validator: [StructureValidator] Checking .ditamap topicref and mapref references
2026-09-24 10:16:01,323 [INFO] utils.structure_validator: [StructureValidator] Checking for duplicate id attributes
2026-09-24 10:16:01,332 [INFO] utils.structure_validator: [StructureValidator] Checking <xref> href targets
2026-09-24 10:16:01,341 [INFO] utils.structure_validator: [StructureValidator] Checking for spaces in filenames and folder names
2026-09-24 10:16:01,343 [INFO] utils.structure_validator: [StructureValidator] Running per-file DITA schema validation
2026-09-24 10:16:01,345 [WARNING] utils.structure_validator: [StructureValidator] WARNING [table_missing_title]: 'product_basics/status_icon_information.dita' — <table> #1 has no <title> element — required for accessibility and DITA compliance
2026-09-24 10:16:01,348 [WARNING] utils.structure_validator: [StructureValidator] WARNING [missing_steps]: 'product_basics/entering_characters_on_the_lcd_screen.dita' — <taskbody> has no <steps> or <steps-unordered> element
2026-09-24 10:16:01,349 [WARNING] utils.structure_validator: [StructureValidator] WARNING [step_empty_cmd]: 'product_basics/using_the_control_panel.dita' — step 1 has an empty <cmd> element
2026-09-24 10:16:01,349 [WARNING] utils.structure_validator: [StructureValidator] WARNING [step_empty_cmd]: 'product_basics/using_the_control_panel.dita' — step 2 has an empty <cmd> element
2026-09-24 10:16:01,350 [WARNING] utils.structure_validator: [StructureValidator] WARNING [step_empty_cmd]: 'product_basics/using_the_control_panel.dita' — step 4 has an empty <cmd> element
2026-09-24 10:16:01,350 [WARNING] utils.structure_validator: [StructureValidator] WARNING [step_empty_cmd]: 'product_basics/using_the_control_panel.dita' — step 5 has an empty <cmd> element
2026-09-24 10:16:01,350 [WARNING] utils.structure_validator: [StructureValidator] WARNING [step_empty_cmd]: 'product_basics/using_the_control_panel.dita' — step 6 has an empty <cmd> element
2026-09-24 10:16:01,350 [WARNING] utils.structure_validator: [StructureValidator] WARNING [step_empty_cmd]: 'product_basics/using_the_control_panel.dita' — step 8 has an empty <cmd> element
2026-09-24 10:16:01,350 [WARNING] utils.structure_validator: [StructureValidator] WARNING [step_empty_cmd]: 'product_basics/using_the_control_panel.dita' — step 9 has an empty <cmd> element
2026-09-24 10:16:01,352 [WARNING] utils.structure_validator: [StructureValidator] WARNING [missing_steps]: 'product_basics/using_power_saving_settings.dita' — <taskbody> has no <steps> or <steps-unordered> element
2026-09-24 10:16:01,356 [WARNING] utils.structure_validator: [StructureValidator] WARNING [missing_steps]: 'loading_paper/paper_or_media_type_settings_printing_software.dita' — <taskbody> has no <steps> or <steps-unordered> element
2026-09-24 10:16:01,356 [WARNING] utils.structure_validator: [StructureValidator] WARNING [table_missing_title]: 'loading_paper/paper_or_media_type_settings_printing_software.dita' — <table> #1 has no <title> element — required for accessibility and DITA compliance
2026-09-24 10:16:01,356 [WARNING] utils.structure_validator: [StructureValidator] WARNING [table_missing_title]: 'loading_paper/paper_or_media_type_settings_printing_software.dita' — <table> #2 has no <title> element — required for accessibility and DITA compliance
2026-09-24 10:16:01,357 [WARNING] utils.structure_validator: [StructureValidator] WARNING [table_col_mismatch]: 'loading_paper/paper_loading_capacity.dita' — table 1 row has 1 entries but cols=2
2026-09-24 10:16:01,357 [WARNING] utils.structure_validator: [StructureValidator] WARNING [table_missing_title]: 'loading_paper/paper_loading_capacity.dita' — <table> #1 has no <title> element — required for accessibility and DITA compliance
2026-09-24 10:16:01,357 [WARNING] utils.structure_validator: [StructureValidator] WARNING [table_missing_title]: 'loading_paper/paper_loading_capacity.dita' — <table> #2 has no <title> element — required for accessibility and DITA compliance
2026-09-24 10:16:01,360 [WARNING] utils.structure_validator: [StructureValidator] WARNING [missing_steps]: 'loading_paper/paper_or_media_type_settings_control_panel.dita' — <taskbody> has no <steps> or <steps-unordered> element
2026-09-24 10:16:01,360 [WARNING] utils.structure_validator: [StructureValidator] WARNING [table_missing_title]: 'loading_paper/paper_or_media_type_settings_control_panel.dita' — <table> #1 has no <title> element — required for accessibility and DITA compliance
2026-09-24 10:16:01,361 [WARNING] utils.structure_validator: [StructureValidator] WARNING [table_col_mismatch]: 'loading_paper/double_sided_printing_capacity.dita' — table 1 row has 3 entries but cols=4
2026-09-24 10:16:01,361 [WARNING] utils.structure_validator: [StructureValidator] WARNING [table_col_mismatch]: 'loading_paper/double_sided_printing_capacity.dita' — table 1 row has 2 entries but cols=4
2026-09-24 10:16:01,361 [WARNING] utils.structure_validator: [StructureValidator] WARNING [table_missing_title]: 'loading_paper/double_sided_printing_capacity.dita' — <table> #1 has no <title> element — required for accessibility and DITA compliance
2026-09-24 10:16:01,361 [WARNING] utils.structure_validator: [StructureValidator] WARNING [missing_steps]: 'loading_paper/paper_source_settings_options.dita' — <taskbody> has no <steps> or <steps-unordered> element
2026-09-24 10:16:01,361 [WARNING] utils.structure_validator: [StructureValidator] WARNING [table_col_mismatch]: 'loading_paper/paper_source_settings_options.dita' — table 1 row has 1 entries but cols=3
2026-09-24 10:16:01,362 [WARNING] utils.structure_validator: [StructureValidator] WARNING [table_col_mismatch]: 'loading_paper/paper_source_settings_options.dita' — table 1 row has 1 entries but cols=3
2026-09-24 10:16:01,362 [WARNING] utils.structure_validator: [StructureValidator] WARNING [table_col_mismatch]: 'loading_paper/paper_source_settings_options.dita' — table 1 row has 1 entries but cols=3
2026-09-24 10:16:01,362 [WARNING] utils.structure_validator: [StructureValidator] WARNING [table_missing_title]: 'loading_paper/paper_source_settings_options.dita' — <table> #1 has no <title> element — required for accessibility and DITA compliance
2026-09-24 10:16:01,362 [WARNING] utils.structure_validator: [StructureValidator] WARNING [table_col_mismatch]: 'loading_paper/compatible_metr_papers.dita' — table 1 row has 3 entries but cols=4
2026-09-24 10:16:01,362 [WARNING] utils.structure_validator: [StructureValidator] WARNING [table_col_mismatch]: 'loading_paper/compatible_metr_papers.dita' — table 2 row has 3 entries but cols=4
2026-09-24 10:16:01,363 [WARNING] utils.structure_validator: [StructureValidator] WARNING [table_col_mismatch]: 'loading_paper/compatible_metr_papers.dita' — table 2 row has 3 entries but cols=4
2026-09-24 10:16:01,363 [WARNING] utils.structure_validator: [StructureValidator] WARNING [table_col_mismatch]: 'loading_paper/compatible_metr_papers.dita' — table 2 row has 3 entries but cols=4
2026-09-24 10:16:01,363 [WARNING] utils.structure_validator: [StructureValidator] WARNING [table_col_mismatch]: 'loading_paper/compatible_metr_papers.dita' — table 2 row has 3 entries but cols=4
2026-09-24 10:16:01,363 [WARNING] utils.structure_validator: [StructureValidator] WARNING [table_col_mismatch]: 'loading_paper/compatible_metr_papers.dita' — table 2 row has 3 entries but cols=4
2026-09-24 10:16:01,363 [WARNING] utils.structure_validator: [StructureValidator] WARNING [table_col_mismatch]: 'loading_paper/compatible_metr_papers.dita' — table 2 row has 3 entries but cols=4
2026-09-24 10:16:01,363 [WARNING] utils.structure_validator: [StructureValidator] WARNING [table_col_mismatch]: 'loading_paper/compatible_metr_papers.dita' — table 2 row has 3 entries but cols=4
2026-09-24 10:16:01,363 [WARNING] utils.structure_validator: [StructureValidator] WARNING [table_col_mismatch]: 'loading_paper/compatible_metr_papers.dita' — table 2 row has 3 entries but cols=4
2026-09-24 10:16:01,363 [WARNING] utils.structure_validator: [StructureValidator] WARNING [table_col_mismatch]: 'loading_paper/compatible_metr_papers.dita' — table 2 row has 3 entries but cols=4
2026-09-24 10:16:01,363 [WARNING] utils.structure_validator: [StructureValidator] WARNING [table_col_mismatch]: 'loading_paper/compatible_metr_papers.dita' — table 2 row has 3 entries but cols=4
2026-09-24 10:16:01,363 [WARNING] utils.structure_validator: [StructureValidator] WARNING [table_missing_title]: 'loading_paper/compatible_metr_papers.dita' — <table> #1 has no <title> element — required for accessibility and DITA compliance
2026-09-24 10:16:01,363 [WARNING] utils.structure_validator: [StructureValidator] WARNING [table_missing_title]: 'loading_paper/compatible_metr_papers.dita' — <table> #2 has no <title> element — required for accessibility and DITA compliance
2026-09-24 10:16:01,365 [WARNING] utils.structure_validator: [StructureValidator] WARNING [missing_steps]: 'copying/copying_options.dita' — <taskbody> has no <steps> or <steps-unordered> element
2026-09-24 10:16:01,365 [WARNING] utils.structure_validator: [StructureValidator] WARNING [table_col_mismatch]: 'copying/copying_options.dita' — table 1 row has 2 entries but cols=3
2026-09-24 10:16:01,365 [WARNING] utils.structure_validator: [StructureValidator] WARNING [table_col_mismatch]: 'copying/copying_options.dita' — table 1 row has 2 entries but cols=3
2026-09-24 10:16:01,365 [WARNING] utils.structure_validator: [StructureValidator] WARNING [table_col_mismatch]: 'copying/copying_options.dita' — table 1 row has 2 entries but cols=3
2026-09-24 10:16:01,365 [WARNING] utils.structure_validator: [StructureValidator] WARNING [table_col_mismatch]: 'copying/copying_options.dita' — table 1 row has 1 entries but cols=3
2026-09-24 10:16:01,365 [WARNING] utils.structure_validator: [StructureValidator] WARNING [table_col_mismatch]: 'copying/copying_options.dita' — table 1 row has 1 entries but cols=3
2026-09-24 10:16:01,365 [WARNING] utils.structure_validator: [StructureValidator] WARNING [table_col_mismatch]: 'copying/copying_options.dita' — table 1 row has 1 entries but cols=3
2026-09-24 10:16:01,365 [WARNING] utils.structure_validator: [StructureValidator] WARNING [table_col_mismatch]: 'copying/copying_options.dita' — table 1 row has 1 entries but cols=3
2026-09-24 10:16:01,365 [WARNING] utils.structure_validator: [StructureValidator] WARNING [table_col_mismatch]: 'copying/copying_options.dita' — table 1 row has 1 entries but cols=3
2026-09-24 10:16:01,365 [WARNING] utils.structure_validator: [StructureValidator] WARNING [table_missing_title]: 'copying/copying_options.dita' — <table> #1 has no <title> element — required for accessibility and DITA compliance
2026-09-24 10:16:01,367 [WARNING] utils.structure_validator: [StructureValidator] WARNING [missing_steps]: 'adjusting_print_quality/print_head_maintenance.dita' — <taskbody> has no <steps> or <steps-unordered> element
2026-09-24 10:16:01,367 [WARNING] utils.structure_validator: [StructureValidator] WARNING [missing_steps]: 'adjusting_print_quality/power_cleaning.dita' — <taskbody> has no <steps> or <steps-unordered> element
2026-09-24 10:16:01,376 [WARNING] utils.structure_validator: [StructureValidator] WARNING [step_empty_cmd]: 'adjusting_print_quality/checking_the_nozzles_using_a_computer_utility.dita' — step 7 has an empty <cmd> element
2026-09-24 10:16:01,378 [WARNING] utils.structure_validator: [StructureValidator] WARNING [missing_steps]: 'adjusting_print_quality/adjusting_print_quality.dita' — <taskbody> has no <steps> or <steps-unordered> element
2026-09-24 10:16:01,382 [WARNING] utils.structure_validator: [StructureValidator] WARNING [step_empty_cmd]: 'adjusting_print_quality/cleaning_the_print_head_using_the_product_control_panel.dita' — step 7 has an empty <cmd> element
2026-09-24 10:16:01,387 [WARNING] utils.structure_validator: [StructureValidator] WARNING [table_missing_title]: 'refilling_ink/ink_bottle_part_numbers.dita' — <table> #1 has no <title> element — required for accessibility and DITA compliance
2026-09-24 10:16:01,389 [INFO] utils.structure_validator: [StructureValidator] Complete — CRITICAL=0, WARNING=55 | dita_files=63, broken_xml=0, empty=0, broken_dita_refs=0, broken_maprefs=0, orphans=0, duplicate_ids=0, broken_xrefs=0, filename_spaces=0
2026-09-24 10:16:01,390 [INFO] pipeline.enrich_runner: [EnrichPipeline] Post-structural — CRITICAL=0, WARNING=55
2026-09-24 10:16:01,390 [INFO] pipeline.enrich_runner: [EnrichPipeline] ── Post-Enrichment AI Content Quality Check ──
2026-09-24 10:16:01,399 [INFO] utils.structure_validator: [EnrichmentQuality] Post-AI check — 0 issues in 63 files (CRITICAL=0, WARNING=0)
2026-09-24 10:16:01,400 [INFO] pipeline.enrich_runner: [EnrichPipeline] AI content quality — CRITICAL=0, WARNING=0 (checks: shortdesc, keywords, indexterms)
2026-09-24 10:16:01,400 [INFO] pipeline.enrich_runner: [EnrichPipeline] Fix report — backend_errors=0 | fixed_by_zone1=0, fixed_by_ai=73, remaining=46, ai_obligations_missed=0, new_by_ai=9
2026-09-24 10:16:04,212 [INFO] pipeline.enrich_runner: [Validation] 1/71 — adjusting_print_quality.dita
2026-09-24 10:16:04,238 [INFO] pipeline.enrich_runner: [Validation] 2/71 — aligning_the_print_head_using_the_product_control_panel.dita
2026-09-24 10:16:04,279 [INFO] pipeline.enrich_runner: [Validation] 3/71 — checking_the_nozzles_using_a_computer_utility.dita
2026-09-24 10:16:04,352 [INFO] pipeline.enrich_runner: [Validation] 4/71 — checking_the_nozzles_using_the_product_control_panel.dita
2026-09-24 10:16:04,363 [INFO] pipeline.enrich_runner: [Validation] 5/71 — checking_the_number_of_sheets_fed.dita
2026-09-24 10:16:04,374 [INFO] pipeline.enrich_runner: [Validation] 6/71 — checking_the_number_of_sheets_on_the_lcd_screen.dita
2026-09-24 10:16:04,387 [INFO] pipeline.enrich_runner: [Validation] 7/71 — checking_the_sheet_counter_mac.dita
2026-09-24 10:16:04,401 [INFO] pipeline.enrich_runner: [Validation] 8/71 — checking_the_sheet_counter_windows.dita
2026-09-24 10:16:04,415 [INFO] pipeline.enrich_runner: [Validation] 9/71 — cleaning_the_paper_guide.dita
2026-09-24 10:16:04,432 [INFO] pipeline.enrich_runner: [Validation] 10/71 — cleaning_the_print_head_path.dita
2026-09-24 10:16:04,461 [INFO] pipeline.enrich_runner: [Validation] 11/71 — cleaning_the_print_head_using_a_computer_utility.dita
2026-09-24 10:16:05,285 [INFO] pipeline.enrich_runner: [Validation] 12/71 — cleaning_the_print_head_using_the_product_control_panel.dita
2026-09-24 10:16:05,295 [INFO] pipeline.enrich_runner: [Validation] 13/71 — power_cleaning.dita
2026-09-24 10:16:05,311 [INFO] pipeline.enrich_runner: [Validation] 14/71 — power_cleaning_using_a_computer_utility.dita
2026-09-24 10:16:05,324 [INFO] pipeline.enrich_runner: [Validation] 15/71 — power_cleaning_using_the_product_control_panel.dita
2026-09-24 10:16:05,391 [INFO] pipeline.enrich_runner: [Validation] 16/71 — print_head_alignment.dita
2026-09-24 10:16:05,406 [INFO] pipeline.enrich_runner: [Validation] 17/71 — print_head_cleaning.dita
2026-09-24 10:16:05,424 [INFO] pipeline.enrich_runner: [Validation] 18/71 — print_head_maintenance.dita
2026-09-24 10:16:05,437 [INFO] pipeline.enrich_runner: [Validation] 19/71 — print_head_nozzle_check.dita
2026-09-24 10:16:05,451 [INFO] pipeline.enrich_runner: [Validation] 20/71 — cleaning_and_transporting_your_product.dita
2026-09-24 10:16:05,467 [INFO] pipeline.enrich_runner: [Validation] 21/71 — cleaning_your_product.dita
2026-09-24 10:16:05,476 [INFO] pipeline.enrich_runner: [Validation] 22/71 — copyright_notice.dita
2026-09-24 10:16:05,493 [INFO] pipeline.enrich_runner: [Validation] 23/71 — transporting_your_product.dita
2026-09-24 10:16:05,503 [INFO] pipeline.enrich_runner: [Validation] 24/71 — copying.dita
2026-09-24 10:16:05,518 [INFO] pipeline.enrich_runner: [Validation] 25/71 — copying_documents_or_photos.dita
2026-09-24 10:16:05,536 [INFO] pipeline.enrich_runner: [Validation] 26/71 — copying_options.dita
2026-09-24 10:16:05,547 [INFO] pipeline.enrich_runner: [Validation] 27/71 — borderless_paper_type_compatibility.dita
2026-09-24 10:16:05,567 [INFO] pipeline.enrich_runner: [Validation] 28/71 — compatible_metr_papers.dita
2026-09-24 10:16:05,596 [INFO] pipeline.enrich_runner: [Validation] 29/71 — double_sided_printing_capacity.dita
2026-09-24 10:16:05,605 [INFO] pipeline.enrich_runner: [Validation] 30/71 — loading_paper.dita
2026-09-24 10:16:05,626 [INFO] pipeline.enrich_runner: [Validation] 31/71 — loading_paper_in_the_rear_paper_feeder.dita
2026-09-24 10:16:05,639 [INFO] pipeline.enrich_runner: [Validation] 32/71 — paper_loading_capacity.dita
2026-09-24 10:16:05,652 [INFO] pipeline.enrich_runner: [Validation] 33/71 — paper_or_media_type_settings_control_panel.dita
2026-09-24 10:16:05,666 [INFO] pipeline.enrich_runner: [Validation] 34/71 — paper_or_media_type_settings_printing_software.dita
2026-09-24 10:16:05,681 [INFO] pipeline.enrich_runner: [Validation] 35/71 — paper_source_settings_options.dita
2026-09-24 10:16:05,695 [INFO] pipeline.enrich_runner: [Validation] 36/71 — selecting_the_default_paper_source_settings.dita
2026-09-24 10:16:05,708 [INFO] pipeline.enrich_runner: [Validation] 37/71 — selecting_the_paper_settings_control_panel.dita
2026-09-24 10:16:05,718 [INFO] pipeline.enrich_runner: [Validation] 38/71 — placing_originals_on_the_product.dita
2026-09-24 10:16:05,731 [INFO] pipeline.enrich_runner: [Validation] 39/71 — placing_originals_on_the_scanner_glass.dita
2026-09-24 10:16:05,742 [INFO] pipeline.enrich_runner: [Validation] 40/71 — changing_lcd_screen_language.dita
2026-09-24 10:16:05,755 [INFO] pipeline.enrich_runner: [Validation] 41/71 — changing_the_power_off_timer_setting_from_the_control_panel.dita
2026-09-24 10:16:05,767 [INFO] pipeline.enrich_runner: [Validation] 42/71 — changing_the_sleep_timer_setting_from_the_control_panel.dita
2026-09-24 10:16:05,780 [INFO] pipeline.enrich_runner: [Validation] 43/71 — entering_characters_on_the_lcd_screen.dita
2026-09-24 10:16:05,788 [INFO] pipeline.enrich_runner: [Validation] 44/71 — product_basics.dita
2026-09-24 10:16:05,799 [INFO] pipeline.enrich_runner: [Validation] 45/71 — product_parts_back.dita
2026-09-24 10:16:05,812 [INFO] pipeline.enrich_runner: [Validation] 46/71 — product_parts_front.dita
2026-09-24 10:16:05,823 [INFO] pipeline.enrich_runner: [Validation] 47/71 — product_parts_inside.dita
2026-09-24 10:16:05,832 [INFO] pipeline.enrich_runner: [Validation] 48/71 — product_parts_locations.dita
2026-09-24 10:16:05,846 [INFO] pipeline.enrich_runner: [Validation] 49/71 — status_icon_information.dita
2026-09-24 10:16:05,856 [INFO] pipeline.enrich_runner: [Validation] 50/71 — the_lcd_screen.dita
2026-09-24 10:16:05,865 [INFO] pipeline.enrich_runner: [Validation] 51/71 — using_power_saving_settings.dita
2026-09-24 10:16:05,885 [INFO] pipeline.enrich_runner: [Validation] 52/71 — using_the_control_panel.dita
2026-09-24 10:16:05,898 [INFO] pipeline.enrich_runner: [Validation] 53/71 — viewing_animations.dita
2026-09-24 10:16:05,909 [INFO] pipeline.enrich_runner: [Validation] 54/71 — check_ink_levels.dita
2026-09-24 10:16:05,922 [INFO] pipeline.enrich_runner: [Validation] 55/71 — checking_ink_levels_mac.dita
2026-09-24 10:16:05,932 [INFO] pipeline.enrich_runner: [Validation] 56/71 — checking_ink_levels_on_your_product.dita
2026-09-24 10:16:05,945 [INFO] pipeline.enrich_runner: [Validation] 57/71 — checking_ink_levels_windows.dita
2026-09-24 10:16:05,956 [INFO] pipeline.enrich_runner: [Validation] 58/71 — disabling_special_offers_with_windows.dita
2026-09-24 10:16:05,968 [INFO] pipeline.enrich_runner: [Validation] 59/71 — ink_bottle_part_numbers.dita
2026-09-24 10:16:05,982 [INFO] pipeline.enrich_runner: [Validation] 60/71 — ink_safety_precautions.dita
2026-09-24 10:16:05,991 [INFO] pipeline.enrich_runner: [Validation] 61/71 — purchase_metr_ink.dita
2026-09-24 10:16:06,003 [INFO] pipeline.enrich_runner: [Validation] 62/71 — refilling_ink.dita
2026-09-24 10:16:06,020 [INFO] pipeline.enrich_runner: [Validation] 63/71 — refilling_the_ink_tanks.dita
2026-09-24 10:16:06,086 [INFO] pipeline.enrich_runner: [Validation] 64/71 — adjusting_print_quality_map.ditamap
2026-09-24 10:16:06,099 [INFO] pipeline.enrich_runner: [Validation] 65/71 — cleaning_and_transporting_your_product_map.ditamap
2026-09-24 10:16:06,110 [INFO] pipeline.enrich_runner: [Validation] 66/71 — copying_map.ditamap
2026-09-24 10:16:06,121 [INFO] pipeline.enrich_runner: [Validation] 67/71 — loading_paper_map.ditamap
2026-09-24 10:16:06,129 [INFO] pipeline.enrich_runner: [Validation] 68/71 — placing_originals_on_the_product_map.ditamap
2026-09-24 10:16:06,198 [INFO] pipeline.enrich_runner: [Validation] 69/71 — printer_user_s_guide.ditamap
2026-09-24 10:16:06,223 [INFO] pipeline.enrich_runner: [Validation] 70/71 — product_basics_map.ditamap
2026-09-24 10:16:06,233 [INFO] pipeline.enrich_runner: [Validation] 71/71 — refilling_ink_map.ditamap
2026-09-24 10:16:06,239 [INFO] utils.validation_runner: [Validation] Done — files=71, violations=3 (errors=0, warnings=3)
2026-09-24 10:16:06,240 [INFO] pipeline.enrich_runner: [EnrichPipeline] Validation — status=completed, violations=3, files_affected=3
2026-09-24 10:16:06,243 [INFO] pipeline.enrich_runner: [EnrichPipeline] Auto-fix pass 1/3 — 3 violation(s) remaining
2026-09-24 10:16:06,250 [INFO] utils.auto_fixer: [AutoFixer] adjusting_print_quality/checking_the_nozzles_using_the_product_control_panel.dita — fixed 2 violation(s): ['image_placement(2)']
2026-09-24 10:16:06,252 [INFO] utils.auto_fixer: [AutoFixer] loading_paper/loading_paper_in_the_rear_paper_feeder.dita — fixed 29 violation(s): ['image_placement(29)']
2026-09-24 10:16:06,252 [INFO] utils.auto_fixer: [AutoFixer] refilling_ink/checking_ink_levels_windows.dita — fixed 2 violation(s): ['image_placement(2)']
2026-09-24 10:16:06,252 [INFO] utils.auto_fixer: [AutoFixer] Done — 3 file(s) fixed, 33 total fixes applied
2026-09-24 10:16:06,252 [INFO] pipeline.enrich_runner: [EnrichPipeline] Auto-fix pass 1 — fixed 33 in 3 file(s)
2026-09-24 10:16:09,103 [INFO] pipeline.enrich_runner: [Re-validating] 1/71 — adjusting_print_quality.dita
2026-09-24 10:16:09,119 [INFO] pipeline.enrich_runner: [Re-validating] 2/71 — aligning_the_print_head_using_the_product_control_panel.dita
2026-09-24 10:16:09,145 [INFO] pipeline.enrich_runner: [Re-validating] 3/71 — checking_the_nozzles_using_a_computer_utility.dita
2026-09-24 10:16:09,211 [INFO] pipeline.enrich_runner: [Re-validating] 4/71 — checking_the_nozzles_using_the_product_control_panel.dita
2026-09-24 10:16:09,222 [INFO] pipeline.enrich_runner: [Re-validating] 5/71 — checking_the_number_of_sheets_fed.dita
2026-09-24 10:16:09,234 [INFO] pipeline.enrich_runner: [Re-validating] 6/71 — checking_the_number_of_sheets_on_the_lcd_screen.dita
2026-09-24 10:16:09,246 [INFO] pipeline.enrich_runner: [Re-validating] 7/71 — checking_the_sheet_counter_mac.dita
2026-09-24 10:16:09,259 [INFO] pipeline.enrich_runner: [Re-validating] 8/71 — checking_the_sheet_counter_windows.dita
2026-09-24 10:16:09,273 [INFO] pipeline.enrich_runner: [Re-validating] 9/71 — cleaning_the_paper_guide.dita
2026-09-24 10:16:09,290 [INFO] pipeline.enrich_runner: [Re-validating] 10/71 — cleaning_the_print_head_path.dita
2026-09-24 10:16:09,365 [INFO] pipeline.enrich_runner: [Re-validating] 11/71 — cleaning_the_print_head_using_a_computer_utility.dita
2026-09-24 10:16:09,390 [INFO] pipeline.enrich_runner: [Re-validating] 12/71 — cleaning_the_print_head_using_the_product_control_panel.dita
2026-09-24 10:16:09,403 [INFO] pipeline.enrich_runner: [Re-validating] 13/71 — power_cleaning.dita
2026-09-24 10:16:09,419 [INFO] pipeline.enrich_runner: [Re-validating] 14/71 — power_cleaning_using_a_computer_utility.dita
2026-09-24 10:16:09,432 [INFO] pipeline.enrich_runner: [Re-validating] 15/71 — power_cleaning_using_the_product_control_panel.dita
2026-09-24 10:16:09,494 [INFO] pipeline.enrich_runner: [Re-validating] 16/71 — print_head_alignment.dita
2026-09-24 10:16:09,504 [INFO] pipeline.enrich_runner: [Re-validating] 17/71 — print_head_cleaning.dita
2026-09-24 10:16:09,514 [INFO] pipeline.enrich_runner: [Re-validating] 18/71 — print_head_maintenance.dita
2026-09-24 10:16:09,526 [INFO] pipeline.enrich_runner: [Re-validating] 19/71 — print_head_nozzle_check.dita
2026-09-24 10:16:09,537 [INFO] pipeline.enrich_runner: [Re-validating] 20/71 — cleaning_and_transporting_your_product.dita
2026-09-24 10:16:09,549 [INFO] pipeline.enrich_runner: [Re-validating] 21/71 — cleaning_your_product.dita
2026-09-24 10:16:09,559 [INFO] pipeline.enrich_runner: [Re-validating] 22/71 — copyright_notice.dita
2026-09-24 10:16:09,577 [INFO] pipeline.enrich_runner: [Re-validating] 23/71 — transporting_your_product.dita
2026-09-24 10:16:09,589 [INFO] pipeline.enrich_runner: [Re-validating] 24/71 — copying.dita
2026-09-24 10:16:09,615 [INFO] pipeline.enrich_runner: [Re-validating] 25/71 — copying_documents_or_photos.dita
2026-09-24 10:16:09,634 [INFO] pipeline.enrich_runner: [Re-validating] 26/71 — copying_options.dita
2026-09-24 10:16:09,646 [INFO] pipeline.enrich_runner: [Re-validating] 27/71 — borderless_paper_type_compatibility.dita
2026-09-24 10:16:09,666 [INFO] pipeline.enrich_runner: [Re-validating] 28/71 — compatible_metr_papers.dita
2026-09-24 10:16:09,684 [INFO] pipeline.enrich_runner: [Re-validating] 29/71 — double_sided_printing_capacity.dita
2026-09-24 10:16:09,694 [INFO] pipeline.enrich_runner: [Re-validating] 30/71 — loading_paper.dita
2026-09-24 10:16:09,718 [INFO] pipeline.enrich_runner: [Re-validating] 31/71 — loading_paper_in_the_rear_paper_feeder.dita
2026-09-24 10:16:09,731 [INFO] pipeline.enrich_runner: [Re-validating] 32/71 — paper_loading_capacity.dita
2026-09-24 10:16:09,745 [INFO] pipeline.enrich_runner: [Re-validating] 33/71 — paper_or_media_type_settings_control_panel.dita
2026-09-24 10:16:09,760 [INFO] pipeline.enrich_runner: [Re-validating] 34/71 — paper_or_media_type_settings_printing_software.dita
2026-09-24 10:16:09,774 [INFO] pipeline.enrich_runner: [Re-validating] 35/71 — paper_source_settings_options.dita
2026-09-24 10:16:09,786 [INFO] pipeline.enrich_runner: [Re-validating] 36/71 — selecting_the_default_paper_source_settings.dita
2026-09-24 10:16:09,799 [INFO] pipeline.enrich_runner: [Re-validating] 37/71 — selecting_the_paper_settings_control_panel.dita
2026-09-24 10:16:09,810 [INFO] pipeline.enrich_runner: [Re-validating] 38/71 — placing_originals_on_the_product.dita
2026-09-24 10:16:09,827 [INFO] pipeline.enrich_runner: [Re-validating] 39/71 — placing_originals_on_the_scanner_glass.dita
2026-09-24 10:16:09,839 [INFO] pipeline.enrich_runner: [Re-validating] 40/71 — changing_lcd_screen_language.dita
2026-09-24 10:16:09,851 [INFO] pipeline.enrich_runner: [Re-validating] 41/71 — changing_the_power_off_timer_setting_from_the_control_panel.dita
2026-09-24 10:16:09,865 [INFO] pipeline.enrich_runner: [Re-validating] 42/71 — changing_the_sleep_timer_setting_from_the_control_panel.dita
2026-09-24 10:16:09,878 [INFO] pipeline.enrich_runner: [Re-validating] 43/71 — entering_characters_on_the_lcd_screen.dita
2026-09-24 10:16:09,887 [INFO] pipeline.enrich_runner: [Re-validating] 44/71 — product_basics.dita
2026-09-24 10:16:09,902 [INFO] pipeline.enrich_runner: [Re-validating] 45/71 — product_parts_back.dita
2026-09-24 10:16:09,914 [INFO] pipeline.enrich_runner: [Re-validating] 46/71 — product_parts_front.dita
2026-09-24 10:16:09,927 [INFO] pipeline.enrich_runner: [Re-validating] 47/71 — product_parts_inside.dita
2026-09-24 10:16:09,937 [INFO] pipeline.enrich_runner: [Re-validating] 48/71 — product_parts_locations.dita
2026-09-24 10:16:09,951 [INFO] pipeline.enrich_runner: [Re-validating] 49/71 — status_icon_information.dita
2026-09-24 10:16:09,961 [INFO] pipeline.enrich_runner: [Re-validating] 50/71 — the_lcd_screen.dita
2026-09-24 10:16:09,973 [INFO] pipeline.enrich_runner: [Re-validating] 51/71 — using_power_saving_settings.dita
2026-09-24 10:16:09,988 [INFO] pipeline.enrich_runner: [Re-validating] 52/71 — using_the_control_panel.dita
2026-09-24 10:16:09,998 [INFO] pipeline.enrich_runner: [Re-validating] 53/71 — viewing_animations.dita
2026-09-24 10:16:10,009 [INFO] pipeline.enrich_runner: [Re-validating] 54/71 — check_ink_levels.dita
2026-09-24 10:16:10,024 [INFO] pipeline.enrich_runner: [Re-validating] 55/71 — checking_ink_levels_mac.dita
2026-09-24 10:16:10,035 [INFO] pipeline.enrich_runner: [Re-validating] 56/71 — checking_ink_levels_on_your_product.dita
2026-09-24 10:16:10,049 [INFO] pipeline.enrich_runner: [Re-validating] 57/71 — checking_ink_levels_windows.dita
2026-09-24 10:16:10,061 [INFO] pipeline.enrich_runner: [Re-validating] 58/71 — disabling_special_offers_with_windows.dita
2026-09-24 10:16:10,074 [INFO] pipeline.enrich_runner: [Re-validating] 59/71 — ink_bottle_part_numbers.dita
2026-09-24 10:16:10,091 [INFO] pipeline.enrich_runner: [Re-validating] 60/71 — ink_safety_precautions.dita
2026-09-24 10:16:10,103 [INFO] pipeline.enrich_runner: [Re-validating] 61/71 — purchase_metr_ink.dita
2026-09-24 10:16:10,112 [INFO] pipeline.enrich_runner: [Re-validating] 62/71 — refilling_ink.dita
2026-09-24 10:16:10,131 [INFO] pipeline.enrich_runner: [Re-validating] 63/71 — refilling_the_ink_tanks.dita
2026-09-24 10:16:10,185 [INFO] pipeline.enrich_runner: [Re-validating] 64/71 — adjusting_print_quality_map.ditamap
2026-09-24 10:16:10,194 [INFO] pipeline.enrich_runner: [Re-validating] 65/71 — cleaning_and_transporting_your_product_map.ditamap
2026-09-24 10:16:10,202 [INFO] pipeline.enrich_runner: [Re-validating] 66/71 — copying_map.ditamap
2026-09-24 10:16:10,212 [INFO] pipeline.enrich_runner: [Re-validating] 67/71 — loading_paper_map.ditamap
2026-09-24 10:16:10,221 [INFO] pipeline.enrich_runner: [Re-validating] 68/71 — placing_originals_on_the_product_map.ditamap
2026-09-24 10:16:10,278 [INFO] pipeline.enrich_runner: [Re-validating] 69/71 — printer_user_s_guide.ditamap
2026-09-24 10:16:10,289 [INFO] pipeline.enrich_runner: [Re-validating] 70/71 — product_basics_map.ditamap
2026-09-24 10:16:10,299 [INFO] pipeline.enrich_runner: [Re-validating] 71/71 — refilling_ink_map.ditamap
2026-09-24 10:16:10,304 [INFO] utils.validation_runner: [Validation] Done — files=71, violations=3 (errors=0, warnings=3)
2026-09-24 10:16:10,305 [INFO] pipeline.enrich_runner: [EnrichPipeline] Re-validation pass 1 — 3 → 3 violation(s)
2026-09-24 10:16:10,309 [INFO] pipeline.enrich_runner: [EnrichPipeline] No improvement in violation count — stopping iteration
2026-09-24 10:16:10,314 [INFO] pipeline.enrich_runner: [EnrichPipeline] Saved: _agent_report.json
2026-09-24 10:16:10,314 [INFO] pipeline.enrich_runner: [EnrichPipeline] ── Layer 7: Suggestion Agent ──
2026-09-24 10:16:10,319 [INFO] layers.layer7_fix_agent: L6/Suggest ── Started ──
2026-09-24 10:16:10,320 [INFO] layers.layer7_fix_agent: L6/Suggest 29 issues (pre-dedup)
2026-09-24 10:16:10,320 [INFO] layers.layer7_fix_agent: L6/Suggest 29 unique issues
2026-09-24 10:16:10,321 [INFO] layers.layer7_fix_agent: L6/Suggest tmpl table_missing_title product_basics/status_icon_information.dita
2026-09-24 10:16:10,325 [INFO] layers.layer7_fix_agent: L6/Suggest tmpl step_empty_cmd product_basics/using_the_control_panel.dita
2026-09-24 10:16:10,329 [INFO] layers.layer7_fix_agent: L6/Suggest tmpl table_missing_title loading_paper/paper_or_media_type_settings_printing_software.dita
2026-09-24 10:16:10,334 [INFO] layers.layer7_fix_agent: L6/Suggest tmpl table_col_mismatch loading_paper/paper_loading_capacity.dita
2026-09-24 10:16:10,337 [INFO] layers.layer7_fix_agent: L6/Suggest tmpl table_missing_title loading_paper/paper_loading_capacity.dita
2026-09-24 10:16:10,340 [INFO] layers.layer7_fix_agent: L6/Suggest tmpl table_missing_title loading_paper/paper_or_media_type_settings_control_panel.dita
2026-09-24 10:16:10,344 [INFO] layers.layer7_fix_agent: L6/Suggest tmpl table_col_mismatch loading_paper/double_sided_printing_capacity.dita
2026-09-24 10:16:10,349 [INFO] layers.layer7_fix_agent: L6/Suggest tmpl table_missing_title loading_paper/double_sided_printing_capacity.dita
2026-09-24 10:16:10,354 [INFO] layers.layer7_fix_agent: L6/Suggest tmpl table_col_mismatch loading_paper/paper_source_settings_options.dita
2026-09-24 10:16:10,357 [INFO] layers.layer7_fix_agent: L6/Suggest tmpl table_missing_title loading_paper/paper_source_settings_options.dita
2026-09-24 10:16:10,360 [INFO] layers.layer7_fix_agent: L6/Suggest tmpl table_col_mismatch loading_paper/compatible_metr_papers.dita
2026-09-24 10:16:10,363 [INFO] layers.layer7_fix_agent: L6/Suggest tmpl table_missing_title loading_paper/compatible_metr_papers.dita
2026-09-24 10:16:10,368 [INFO] layers.layer7_fix_agent: L6/Suggest tmpl table_col_mismatch copying/copying_options.dita
2026-09-24 10:16:10,372 [INFO] layers.layer7_fix_agent: L6/Suggest tmpl table_missing_title copying/copying_options.dita
2026-09-24 10:16:10,376 [INFO] layers.layer7_fix_agent: L6/Suggest tmpl step_empty_cmd adjusting_print_quality/checking_the_nozzles_using_a_computer_utility.dita
2026-09-24 10:16:10,379 [INFO] layers.layer7_fix_agent: L6/Suggest tmpl step_empty_cmd adjusting_print_quality/cleaning_the_print_head_using_the_product_control_panel.dita
2026-09-24 10:16:10,383 [INFO] layers.layer7_fix_agent: L6/Suggest tmpl table_missing_title refilling_ink/ink_bottle_part_numbers.dita
2026-09-24 10:16:10,387 [INFO] layers.layer7_fix_agent: L6/Suggest tmpl missing_steps product_basics/entering_characters_on_the_lcd_screen.dita
2026-09-24 10:16:10,390 [INFO] layers.layer7_fix_agent: L6/Suggest tmpl missing_steps product_basics/using_power_saving_settings.dita
2026-09-24 10:16:10,393 [INFO] layers.layer7_fix_agent: L6/Suggest tmpl missing_steps loading_paper/paper_or_media_type_settings_printing_software.dita
2026-09-24 10:16:10,397 [INFO] layers.layer7_fix_agent: L6/Suggest tmpl missing_steps loading_paper/paper_or_media_type_settings_control_panel.dita
2026-09-24 10:16:10,400 [INFO] layers.layer7_fix_agent: L6/Suggest tmpl missing_steps loading_paper/paper_source_settings_options.dita
2026-09-24 10:16:10,403 [INFO] layers.layer7_fix_agent: L6/Suggest tmpl missing_steps copying/copying_options.dita
2026-09-24 10:16:10,407 [INFO] layers.layer7_fix_agent: L6/Suggest tmpl missing_steps adjusting_print_quality/print_head_maintenance.dita
2026-09-24 10:16:10,410 [INFO] layers.layer7_fix_agent: L6/Suggest tmpl missing_steps adjusting_print_quality/power_cleaning.dita
2026-09-24 10:16:10,413 [INFO] layers.layer7_fix_agent: L6/Suggest tmpl missing_steps adjusting_print_quality/adjusting_print_quality.dita
2026-09-24 10:16:10,416 [INFO] layers.layer7_fix_agent: L6/Suggest tmpl dtd_violation adjusting_print_quality/checking_the_nozzles_using_the_product_control_panel.dita
2026-09-24 10:16:10,419 [INFO] layers.layer7_fix_agent: L6/Suggest tmpl dtd_violation loading_paper/loading_paper_in_the_rear_paper_feeder.dita
2026-09-24 10:16:10,421 [INFO] layers.layer7_fix_agent: L6/Suggest tmpl dtd_violation refilling_ink/checking_ink_levels_windows.dita
2026-09-24 10:16:10,426 [INFO] layers.layer7_fix_agent: L6/Suggest ✓ saved 29 suggestions
2026-09-24 10:16:10,426 [INFO] layers.layer7_fix_agent: L6/Suggest ── Done ──
2026-09-24 10:16:10,427 [INFO] pipeline.enrich_runner: [EnrichPipeline] Layer 7 — suggestions_generated=29
2026-09-24 10:16:10,441 [INFO] pipeline.enrich_runner: [EnrichPipeline] Final element counts (post-enrichment): {'ol': 8, 'ul': 28, 'table': 12, 'image': 154, 'crosslink': 0, 'hyperlink': 2, 'concept': 16, 'task': 34, 'reference': 0, 'topic': 13}
2026-09-24 10:16:10,447 [INFO] pipeline.enrich_runner: [EnrichPipeline] Saved: _agent_report.json
2026-09-24 10:16:10,449 [INFO] pipeline.enrich_runner: [EnrichPipeline] Saved: pre_enrichment.json
2026-09-24 10:16:10,453 [INFO] pipeline.enrich_runner: [EnrichPipeline] Saved: post_enrichment.json
2026-09-24 10:16:10,454 [INFO] pipeline.enrich_runner: [EnrichPipeline] Summary log written: ai_enrichment_summary.log
2026-09-24 10:16:10,454 [INFO] pipeline.enrich_runner: [EnrichPipeline] migration_summary.log updated with AI enrichment values
2026-09-24 10:16:10,474 [INFO] pipeline.enrich_runner: [EnrichPipeline] Raw backup deleted after successful enrichment
